Product Name,Color,Product URL,Unique Color ID, Swatch URL,Scraped Image URL
Cozy Fleece Mega Sweatpant™,AQUAMARINE GREEN,https://www.aritzia.com/us/en/product/cozy-fleece-mega-sweatpant%E2%84%A2/116237.html?dwvar_116237_color=31973,A17U1M1R9N5,JSHandle:https://assets.aritzia.com/image/upload/swatch/s24_99_a06_116237_31973_sw.jpg,https://assets.aritzia.com/image/upload/medium/s24_99_a06_116237_31973_off_a.jpg
Cozy Fleece Mega Sweatpant™,CRUISE BLUE,https://www.aritzia.com/us/en/product/cozy-fleece-mega-sweatpant%E2%84%A2/116237.html?dwvar_116237_color=30360,C18U9S5B12U5,JSHandle:https://assets.aritzia.com/image/upload/swatch/s24_99_a06_116237_30360_sw.jpg,https://assets.aritzia.com/image/upload/medium/s24_99_a06_116237_30360_off_a.jpg
Cozy Fleece Boyfriend Boxy Zip Hoodie,MODERN TAUPE,https://www.aritzia.com/us/en/product/cozy-fleece-boyfriend-boxy-zip-hoodie/116207.html?dwvar_116207_color=6038,M15D5R14T1U16,JSHandle:https://assets.aritzia.com/image/upload/swatch/s24_99_a03_116207_6038_sw.jpg,https://assets.aritzia.com/image/upload/medium/s24_99_a03_116207_6038_off_a.jpg
Cozy Fleece Boyfriend 1/2 Zip Sweatshirt,TIDAL BLUE,https://www.aritzia.com/us/en/product/cozy-fleece-boyfriend-1%2F2-zip-sweatshirt/116267.html?dwvar_116267_color=31598,T9D1L2L21E,JSHandle:https://assets.aritzia.com/image/upload/swatch/s24_99_a03_116267_31598_sw.jpg,https://assets.aritzia.com/image/upload/medium/s24_99_a03_116267_31598_off_a.jpg
Function T-Shirt,STARGAZER PINK,https://www.aritzia.com/us/en/product/function-t-shirt/111332.html?dwvar_111332_color=32007,S20A18G1Z5R16,JSHandle:https://assets.aritzia.com/image/upload/swatch/s24_01_a01_111332_32007_sw.jpg,https://assets.aritzia.com/image/upload/medium/s24_01_a01_111332_32007_off_a.jpg
The Melina™ Pant,BLACK,https://www.aritzia.com/us/en/product/the-melina%E2%84%A2-pant/81518.html?dwvar_81518_color=1274,B12A3K,JSHandle:https://assets.aritzia.com/image/upload/swatch/f23_04_a06_81518_1274_sw.jpg,https://assets.aritzia.com/image/upload/medium/f23_04_a06_81518_1274_off_a.jpg
The Melina™ Pant,COGNAC,https://www.aritzia.com/us/en/product/the-melina%E2%84%A2-pant/81518.html?dwvar_81518_color=2198,C15G14A3,JSHandle:https://assets.aritzia.com/image/upload/swatch/f23_04_a06_81518_2198_sw.jpg,https://assets.aritzia.com/image/upload/medium/f23_04_a06_81518_2198_off_a.jpg
The Melina™ Pant,SANDY BEIGE,https://www.aritzia.com/us/en/product/the-melina%E2%84%A2-pant/81518.html?dwvar_81518_color=27380,S1N4Y2E9G5,JSHandle:https://assets.aritzia.com/image/upload/swatch/f22_04_a06_81518_27380_sw.jpg,https://assets.aritzia.com/image/upload/medium/f22_04_a06_81518_27380_off_a.jpg
The Melina™ Pant,LIGHT TAUPE,https://www.aritzia.com/us/en/product/the-melina%E2%84%A2-pant/81518.html?dwvar_81518_color=18104,L9G8T20A21P5,JSHandle:https://assets.aritzia.com/image/upload/swatch/s22_04_a06_81518_18104_sw.jpg,https://assets.aritzia.com/image/upload/medium/s22_04_a06_81518_18104_off_a.jpg
The Melina™ Pant,RICH CHESTNUT,https://www.aritzia.com/us/en/product/the-melina%E2%84%A2-pant/81518.html?dwvar_81518_color=27384,R9C8C8E19T14,JSHandle:https://assets.aritzia.com/image/upload/swatch/f22_04_a06_81518_27384_sw.jpg,https://assets.aritzia.com/image/upload/medium/f22_04_a06_81518_27384_off_a.jpg
The Melina™ Pant,BIRCH,https://www.aritzia.com/us/en/product/the-melina%E2%84%A2-pant/81518.html?dwvar_81518_color=1564,B9R3H,JSHandle:https://assets.aritzia.com/image/upload/t_swatch/f7f7f7.jpg,https://assets.aritzia.com/image/upload/medium/f22_04_a06_81518_1564_off_a.jpg
Cozy Fleece Perfect Hi-Rise Mini Sweatshort,FADED ENVY RED,https://www.aritzia.com/us/en/product/cozy-fleece-perfect-hi-rise-mini-sweatshort/116296.html?dwvar_116296_color=32903,F1D5D5N22Y18,JSHandle:https://assets.aritzia.com/image/upload/swatch/s24_99_a26_116296_32903_sw.jpg,https://assets.aritzia.com/image/upload/medium/s24_99_a26_116296_32903_off_a.jpg
The Ganna™ Shirt Jacket,HEATHER LIGHT GREY,https://www.aritzia.com/us/en/product/the-ganna%E2%84%A2-shirt-jacket/72595.html?dwvar_72595_color=6162,H5A20H5R12I7,JSHandle:https://assets.aritzia.com/image/upload/swatch/s22_07_a04_72595_6162_sw.jpg,https://assets.aritzia.com/image/upload/medium/s22_07_a04_72595_6162_off_a.jpg
Contour Squareneck Shortsleeve Bodysuit,DARK NIGHT NAVY,https://www.aritzia.com/us/en/product/contour-squareneck-shortsleeve-bodysuit/118757.html?dwvar_118757_color=30751,D1R11N9G8T14,JSHandle:https://assets.aritzia.com/image/upload/swatch/s24_99_a28_118757_30751_sw.jpg,https://assets.aritzia.com/image/upload/medium/s24_99_a28_118757_30751_off_a.jpg
Contour Squareneck Shortsleeve Bodysuit,AQUAMARINE GREEN,https://www.aritzia.com/us/en/product/contour-squareneck-shortsleeve-bodysuit/118757.html?dwvar_118757_color=31973,A17U1M1R9N5,JSHandle:https://assets.aritzia.com/image/upload/swatch/s24_99_a28_118757_31973_sw.jpg,https://assets.aritzia.com/image/upload/medium/s24_99_a28_118757_31973_off_a.jpg
New Twirl Pleated Skirt,ICE LAVENDER,https://www.aritzia.com/us/en/product/new-twirl-pleated-skirt/120828.html?dwvar_120828_color=30190,I3E12A22E14D5,JSHandle:https://assets.aritzia.com/image/upload/swatch/s24_04_a07_106202_30190_sw.jpg,https://assets.aritzia.com/image/upload/medium/s24_04_a07_106202_30190_off_a.jpg
New Twirl Pleated Skirt,BLACK/ RASPBERRY,https://www.aritzia.com/us/en/product/new-twirl-pleated-skirt/120828.html?dwvar_120828_color=31418,B12A3K18A19P2,JSHandle:https://assets.aritzia.com/image/upload/swatch/s24_04_a07_119052_31418_sw.jpg,https://assets.aritzia.com/image/upload/medium/s24_04_a07_119052_31418_off_a.jpg
New Twirl Pleated Skirt,BLACK/LIGHT BIRCH,https://www.aritzia.com/us/en/product/new-twirl-pleated-skirt/120828.html?dwvar_120828_color=22687,B12A3K12I7H20,JSHandle:https://assets.aritzia.com/image/upload/swatch/s24_04_a07_117984_22687_sw.jpg,https://assets.aritzia.com/image/upload/medium/s24_04_a07_117984_22687_off_a.jpg
New Twirl Pleated Skirt,COOL ICED MINT/LT PI,https://www.aritzia.com/us/en/product/new-twirl-pleated-skirt/120828.html?dwvar_120828_color=32715,C15O12I3E4M9,JSHandle:https://assets.aritzia.com/image/upload/swatch/s24_04_a07_119944_32715_sw.jpg,https://assets.aritzia.com/image/upload/medium/s24_04_a07_119944_32715_off_a.jpg
New Twirl Pleated Skirt,SPICED BRGNDY/MINT,https://www.aritzia.com/us/en/product/new-twirl-pleated-skirt/120828.html?dwvar_120828_color=31421,S16I3E4B18G14,JSHandle:https://assets.aritzia.com/image/upload/swatch/s24_04_a07_119052_31421_sw.jpg,https://assets.aritzia.com/image/upload/medium/s24_04_a07_119052_31421_off_a.jpg
New Twirl Pleated Skirt,ASHEN/LIGHT BIRCH,https://www.aritzia.com/us/en/product/new-twirl-pleated-skirt/120828.html?dwvar_120828_color=32499,A19H5N12I7H20,JSHandle:https://assets.aritzia.com/image/upload/t_swatch/f7f7f7.jpg,https://assets.aritzia.com/image/upload/medium/s24_04_a07_117984_32499_off_a.jpg
Cozy Fleece Mega Cargo™ Jogger,AQUAMARINE GREEN,https://www.aritzia.com/us/en/product/cozy-fleece-mega-cargo%E2%84%A2-jogger/116222.html?dwvar_116222_color=31973,A17U1M1R9N5,JSHandle:https://assets.aritzia.com/image/upload/swatch/s24_99_a06_116222_31973_sw.jpg,https://assets.aritzia.com/image/upload/medium/s24_99_a06_116222_31973_off_a.jpg
Cozy Fleece Mega Cargo™ Jogger,CRUISE BLUE,https://www.aritzia.com/us/en/product/cozy-fleece-mega-cargo%E2%84%A2-jogger/116222.html?dwvar_116222_color=30360,C18U9S5B12U5,JSHandle:https://assets.aritzia.com/image/upload/swatch/s24_99_a06_116222_30360_sw.jpg,https://assets.aritzia.com/image/upload/medium/s24_99_a06_116222_30360_off_a.jpg
HomeStretch™ Scoopneck Cami Tank,SOFT SEASHELL PK,https://www.aritzia.com/us/en/product/homestretch%E2%84%A2-scoopneck-cami-tank/118108.html?dwvar_118108_color=31542,S15F20S5A19H5,JSHandle:https://assets.aritzia.com/image/upload/swatch/s24_03_a01_118108_31542_sw.jpg,https://assets.aritzia.com/image/upload/medium/s24_03_a01_118108_31542_off_a.jpg
HomeStretch™ Scoopneck Cami Tank,CHOCOLATE SORBET,https://www.aritzia.com/us/en/product/homestretch%E2%84%A2-scoopneck-cami-tank/118108.html?dwvar_118108_color=24804,C8O3O12A20E19,JSHandle:https://assets.aritzia.com/image/upload/swatch/s24_03_a01_118108_24804_sw.jpg,https://assets.aritzia.com/image/upload/medium/s24_03_a01_118108_24804_off_a.jpg
HomeStretch™ Scoopneck Cami Tank,EPICUREAN BROWN,https://www.aritzia.com/us/en/product/homestretch%E2%84%A2-scoopneck-cami-tank/118108.html?dwvar_118108_color=23834,E16I3U18E1N2,JSHandle:https://assets.aritzia.com/image/upload/swatch/s24_03_a01_118108_23834_sw.jpg,https://assets.aritzia.com/image/upload/medium/s24_03_a01_118108_23834_off_a.jpg
HomeStretch™ Scoopneck Cami Tank,PEAR GREEN,https://www.aritzia.com/us/en/product/homestretch%E2%84%A2-scoopneck-cami-tank/118108.html?dwvar_118108_color=23850,P5A18G18E5N,JSHandle:https://assets.aritzia.com/image/upload/swatch/s24_03_a01_118108_23850_sw.jpg,https://assets.aritzia.com/image/upload/medium/s24_03_a01_118108_23850_off_a.jpg
The Slouch™ Coat New — (Re)Camel Wool,MEDIUM BROWN,https://www.aritzia.com/us/en/product/the-slouch%E2%84%A2-coat-new/102564.html?dwvar_102564_color=22430,M5D9U13B18O23,JSHandle:https://assets.aritzia.com/image/upload/swatch/f24_a05_102564_22430_sw.jpg,https://assets.aritzia.com/image/upload/medium/f24_a05_102564_22430_off_a.jpg
Twirl Midi Skirt,MORADO GREY,https://www.aritzia.com/us/en/product/twirl-midi-skirt/61851.html?dwvar_61851_color=28707,M15R1D15G18E25,JSHandle:https://assets.aritzia.com/image/upload/swatch/f22_04_a07_61851_28707_sw.jpg,https://assets.aritzia.com/image/upload/medium/f22_04_a07_61851_28707_off_a.jpg
Twirl Midi Skirt,BLACK,https://www.aritzia.com/us/en/product/twirl-midi-skirt/61851.html?dwvar_61851_color=1274,B12A3K,JSHandle:https://assets.aritzia.com/image/upload/swatch/s22_04_a07_61851_1274_sw.jpg,https://assets.aritzia.com/image/upload/medium/s22_04_a07_61851_1274_off_a.jpg
Contour Tank Bodysuit,WHITE,https://www.aritzia.com/us/en/product/contour-tank-bodysuit/69983.html?dwvar_69983_color=1275,W8I20E,JSHandle:https://assets.aritzia.com/image/upload/swatch/f22_01_a01_69983_1275_sw.jpg,https://assets.aritzia.com/image/upload/medium/f22_01_a01_69983_1275_off_a.jpg
Contour Tank Bodysuit,COFFEE BEAN,https://www.aritzia.com/us/en/product/contour-tank-bodysuit/69983.html?dwvar_69983_color=1565,C15F6E5B5A14,JSHandle:https://assets.aritzia.com/image/upload/swatch/s22_01_a01_69983_1565_sw.jpg,https://assets.aritzia.com/image/upload/medium/s22_01_a01_69983_1565_off_a.jpg
Sculpt Knit Squareneck Cropped Tank,FLUENT TAUPE,https://www.aritzia.com/us/en/product/sculpt-knit-squareneck-cropped-tank/66139.html?dwvar_66139_color=23833,F12U5N20T1U16,JSHandle:https://assets.aritzia.com/image/upload/swatch/s22_01_a03_66139_23833_sw.jpg,https://assets.aritzia.com/image/upload/medium/s22_01_a03_66139_23833_off_a.jpg
Sculpt Knit Squareneck Cropped Tank,LYRICAL LILAC,https://www.aritzia.com/us/en/product/sculpt-knit-squareneck-cropped-tank/66139.html?dwvar_66139_color=23844,L25R9C1L12I12,JSHandle:https://assets.aritzia.com/image/upload/swatch/s22_01_a03_66139_23844_sw.jpg,https://assets.aritzia.com/image/upload/medium/s22_01_a03_66139_23844_off_a.jpg
Sculpt Knit Squareneck Cropped Tank,GOLD CAMEL,https://www.aritzia.com/us/en/product/sculpt-knit-squareneck-cropped-tank/66139.html?dwvar_66139_color=15033,G15L4C1M5L,JSHandle:https://assets.aritzia.com/image/upload/swatch/f22_01_a03_66139_15033_sw.jpg,https://assets.aritzia.com/image/upload/medium/f22_01_a03_66139_15033_off_a.jpg
Sculpt Knit Squareneck Cropped Tank,GLOSS GREEN,https://www.aritzia.com/us/en/product/sculpt-knit-squareneck-cropped-tank/66139.html?dwvar_66139_color=22520,G12O19S7R5E14,JSHandle:https://assets.aritzia.com/image/upload/swatch/s22_01_a03_66139_22520_sw.jpg,https://assets.aritzia.com/image/upload/medium/s22_01_a03_66139_22520_off_a.jpg
Sculpt Knit Squareneck Cropped Tank,POETIC PINK,https://www.aritzia.com/us/en/product/sculpt-knit-squareneck-cropped-tank/66139.html?dwvar_66139_color=23858,P15E20I3P9N11,JSHandle:https://assets.aritzia.com/image/upload/swatch/s22_01_a03_66139_23858_sw.jpg,https://assets.aritzia.com/image/upload/medium/s22_01_a03_66139_23858_off_a.jpg
Sculpt Knit Squareneck Cropped Tank,RHODON PINK,https://www.aritzia.com/us/en/product/sculpt-knit-squareneck-cropped-tank/66139.html?dwvar_66139_color=23298,R8O4O14P9N11,JSHandle:https://assets.aritzia.com/image/upload/t_swatch/f7f7f7.jpg,https://assets.aritzia.com/image/upload/medium/f21_01_a03_66139_23298_off_a.jpg
Contour Crew Shortsleeve Bodysuit,HOT CHEEKY RED,https://www.aritzia.com/us/en/product/contour-crew-shortsleeve-bodysuit/118751.html?dwvar_118751_color=32435,H15T3H5E11Y18,JSHandle:https://assets.aritzia.com/image/upload/swatch/s24_99_a28_118751_32435_sw.jpg,https://assets.aritzia.com/image/upload/medium/s24_99_a28_118751_32435_off_a.jpg
Supply Cargo Pant,GD BIRCH,https://www.aritzia.com/us/en/product/supply-cargo-pant/109818.html?dwvar_109818_color=18534,G4B9R3H,JSHandle:https://assets.aritzia.com/image/upload/swatch/s24_03_a06_109818_18534_sw.jpg,https://assets.aritzia.com/image/upload/medium/s24_03_a06_109818_18534_off_a.jpg
Supply Cargo Pant,GD FLINT GREEN,https://www.aritzia.com/us/en/product/supply-cargo-pant/109818.html?dwvar_109818_color=29529,G4F12I14T7R5,JSHandle:https://assets.aritzia.com/image/upload/swatch/f23_03_a06_109818_29529_sw.jpg,https://assets.aritzia.com/image/upload/medium/f23_03_a06_109818_29529_off_a.jpg
Supply Cargo Pant,GD HAZE GREY,https://www.aritzia.com/us/en/product/supply-cargo-pant/109818.html?dwvar_109818_color=29530,G4H1Z5G18E25,JSHandle:https://assets.aritzia.com/image/upload/swatch/s24_03_a06_109818_29530_sw.jpg,https://assets.aritzia.com/image/upload/medium/s24_03_a06_109818_29530_off_a.jpg
Supply Cargo Pant,GD SAVILLE,https://www.aritzia.com/us/en/product/supply-cargo-pant/109818.html?dwvar_109818_color=23411,G4S1V9L12E,JSHandle:https://assets.aritzia.com/image/upload/swatch/f23_03_a06_109818_23411_sw.jpg,https://assets.aritzia.com/image/upload/medium/f23_03_a06_109818_23411_off_a.jpg
Supply Cargo Pant,GD SILVER SAGE GREEN,https://www.aritzia.com/us/en/product/supply-cargo-pant/109818.html?dwvar_109818_color=21691,G4S9L22E18S1,JSHandle:https://assets.aritzia.com/image/upload/swatch/s24_03_a06_109818_21691_sw.jpg,https://assets.aritzia.com/image/upload/medium/s24_03_a06_109818_21691_off_a.jpg
Supply Cargo Pant,GD MATTE PEARL,https://www.aritzia.com/us/en/product/supply-cargo-pant/109818.html?dwvar_109818_color=15949,G4M1T20E16E1,JSHandle:https://assets.aritzia.com/image/upload/t_swatch/f7f7f7.jpg,https://assets.aritzia.com/image/upload/medium/f23_03_a06_109819_15949_off_a.jpg
Only Turtleneck,SOFT ORCHID,https://www.aritzia.com/us/en/product/only-turtleneck/80361.html?dwvar_80361_color=21398,S15F20O18C8I4,JSHandle:https://assets.aritzia.com/image/upload/swatch/f23_04_a01_80361_21398_sw.jpg,https://assets.aritzia.com/image/upload/medium/f23_04_a01_80361_21398_off_a.jpg
Only Turtleneck,SUAVE GREEN,https://www.aritzia.com/us/en/product/only-turtleneck/80361.html?dwvar_80361_color=23350,S21A22E7R5E14,JSHandle:https://assets.aritzia.com/image/upload/swatch/f23_04_a01_80361_23350_sw.jpg,https://assets.aritzia.com/image/upload/medium/f23_04_a01_80361_23350_off_a.jpg
Only Slip Satin Midi Dress,BLACK,https://www.aritzia.com/us/en/product/only-slip-satin-midi-dress/75717.html?dwvar_75717_color=1274,B12A3K,JSHandle:https://assets.aritzia.com/image/upload/swatch/s24_04_a08_75717_1274_sw.jpg,https://assets.aritzia.com/image/upload/medium/s24_04_a08_75717_1274_off_a.jpg
Only Slip Satin Midi Dress,PETUNIA PINK,https://www.aritzia.com/us/en/product/only-slip-satin-midi-dress/75717.html?dwvar_75717_color=31999,P5T21N9A16I14,JSHandle:https://assets.aritzia.com/image/upload/swatch/s24_04_a08_75717_31999_sw.jpg,https://assets.aritzia.com/image/upload/medium/s24_04_a08_75717_31999_off_a.jpg
Only Slip Satin Midi Dress,SPICED BURGUNDY,https://www.aritzia.com/us/en/product/only-slip-satin-midi-dress/75717.html?dwvar_75717_color=27311,S16I3E4B21R7,JSHandle:https://assets.aritzia.com/image/upload/swatch/f23_04_a08_75717_27311_sw.jpg,https://assets.aritzia.com/image/upload/medium/f23_04_a08_75717_27311_off_a.jpg
Only Slip Satin Midi Dress,FROZEN GREY,https://www.aritzia.com/us/en/product/only-slip-satin-midi-dress/75717.html?dwvar_75717_color=24836,F18O26E14G18E25,JSHandle:https://assets.aritzia.com/image/upload/swatch/f22_04_a08_75717_24836_sw.jpg,https://assets.aritzia.com/image/upload/medium/f22_04_a08_75717_24836_off_a.jpg
Only Slip Satin Midi Dress,LIGHT BIRCH,https://www.aritzia.com/us/en/product/only-slip-satin-midi-dress/75717.html?dwvar_75717_color=11420,L9G8T2I18C8,JSHandle:https://assets.aritzia.com/image/upload/swatch/f23_04_a08_75717_11420_sw.jpg,https://assets.aritzia.com/image/upload/medium/f23_04_a08_75717_11420_off_a.jpg
Only Slip Satin Midi Dress,HUMUS BEIGE,https://www.aritzia.com/us/en/product/only-slip-satin-midi-dress/75717.html?dwvar_75717_color=22064,H21M21S2E9G5,JSHandle:https://assets.aritzia.com/image/upload/t_swatch/f7f7f7.jpg,https://assets.aritzia.com/image/upload/medium/s24_04_a08_75717_22064_off_a.jpg
Freestyle 7" Romper,BLACK,https://www.aritzia.com/us/en/product/freestyle-7%22-romper/82558.html?dwvar_82558_color=1274,B12A3K,JSHandle:https://assets.aritzia.com/image/upload/swatch/f23_07_a27_82558_1274_sw.jpg,https://assets.aritzia.com/image/upload/medium/f23_07_a27_82558_1274_off_a.jpg
Freestyle 7" Romper,BARELY BLUSH,https://www.aritzia.com/us/en/product/freestyle-7%22-romper/82558.html?dwvar_82558_color=29484,B1R5L25B12U19,JSHandle:https://assets.aritzia.com/image/upload/swatch/s23_07_a27_82558_29484_sw.jpg,https://assets.aritzia.com/image/upload/medium/s23_07_a27_82558_29484_off_a.jpg
Chill Atmosphere Hi-Rise Legging,BLACK,https://www.aritzia.com/us/en/product/chill-atmosphere-hi-rise-legging/68177.html?dwvar_68177_color=1274,B12A3K,JSHandle:https://assets.aritzia.com/image/upload/swatch/s23_03_a06_68177_1274_sw.jpg,https://assets.aritzia.com/image/upload/medium/s23_03_a06_68177_1274_off_a.jpg
Chill Atmosphere Hi-Rise Legging,DARK HEATHER BLACK,https://www.aritzia.com/us/en/product/chill-atmosphere-hi-rise-legging/68177.html?dwvar_68177_color=221,D1R11H5A20H5,JSHandle:https://assets.aritzia.com/image/upload/swatch/f22_03_a06_68177_221_sw.jpg,https://assets.aritzia.com/image/upload/medium/f22_03_a06_68177_221_off_a.jpg
Chill Atmosphere Hi-Rise Legging,HEATHER CHROME,https://www.aritzia.com/us/en/product/chill-atmosphere-hi-rise-legging/68177.html?dwvar_68177_color=4425,H5A20H5R3H18,JSHandle:https://assets.aritzia.com/image/upload/swatch/f22_03_a06_68177_4425_sw.jpg,https://assets.aritzia.com/image/upload/medium/f22_03_a06_68177_4425_off_a.jpg
Unwind Cardigan,BLACK,https://www.aritzia.com/us/en/product/unwind-cardigan/64631.html?dwvar_64631_color=1274,B12A3K,JSHandle:https://assets.aritzia.com/image/upload/swatch/f23_07_a03_64631_1274_sw.jpg,https://assets.aritzia.com/image/upload/medium/f23_07_a03_64631_1274_off_a.jpg
Unwind Cardigan,HEATHER BIRCH,https://www.aritzia.com/us/en/product/unwind-cardigan/64631.html?dwvar_64631_color=7325,H5A20H5R2I18,JSHandle:https://assets.aritzia.com/image/upload/swatch/f22_07_a03_64631_7325_sw.jpg,https://assets.aritzia.com/image/upload/medium/f22_07_a03_64631_7325_off_a.jpg
Unwind Cardigan,RICH MOCHA BROWN,https://www.aritzia.com/us/en/product/unwind-cardigan/64631.html?dwvar_64631_color=18891,R9C8M15C8A2,JSHandle:https://assets.aritzia.com/image/upload/swatch/f23_07_a03_64631_18891_sw.jpg,https://assets.aritzia.com/image/upload/medium/f23_07_a03_64631_18891_off_a.jpg
Unwind Cardigan,COGNAC,https://www.aritzia.com/us/en/product/unwind-cardigan/64631.html?dwvar_64631_color=2198,C15G14A3,JSHandle:https://assets.aritzia.com/image/upload/swatch/f21_07_a03_64631_2198_sw.jpg,https://assets.aritzia.com/image/upload/medium/f21_07_a03_64631_2198_off_a.jpg
Unwind Cardigan,SCARAB,https://www.aritzia.com/us/en/product/unwind-cardigan/64631.html?dwvar_64631_color=10814,S3A18A2,JSHandle:https://assets.aritzia.com/image/upload/swatch/f22_07_a03_64631_10814_sw.jpg,https://assets.aritzia.com/image/upload/medium/f22_07_a03_64631_10814_off_a.jpg
Unwind Cardigan,SAVILLE,https://www.aritzia.com/us/en/product/unwind-cardigan/64631.html?dwvar_64631_color=19170,S1V9L12E,JSHandle:https://assets.aritzia.com/image/upload/t_swatch/f7f7f7.jpg,https://assets.aritzia.com/image/upload/medium/f21_07_a03_64631_19170_off_a.jpg
Little Cropped Jacket,PEPPERCORN GREY,https://www.aritzia.com/us/en/product/little-cropped-jacket/95337.html?dwvar_95337_color=28701,P5P16E18C15R14,JSHandle:https://assets.aritzia.com/image/upload/swatch/s23_04_a04_95337_28701_sw.jpg,https://assets.aritzia.com/image/upload/medium/s23_04_a04_95337_28701_off_a.jpg
Little Cropped Jacket,MOCHA SORBET,https://www.aritzia.com/us/en/product/little-cropped-jacket/95337.html?dwvar_95337_color=24835,M15C8A19O18B5,JSHandle:https://assets.aritzia.com/image/upload/swatch/s22_04_a04_95337_24835_sw.jpg,https://assets.aritzia.com/image/upload/medium/s22_04_a04_95337_24835_off_a.jpg
SnoDay Polar Ride Sweater,BLACK,https://www.aritzia.com/us/en/product/snoday-polar-ride-sweater/110101.html?dwvar_110101_color=1274,B12A3K,JSHandle:https://assets.aritzia.com/image/upload/swatch/f23_19_a03_110101_1274_sw.jpg,https://assets.aritzia.com/image/upload/medium/f23_19_a03_110101_1274_off_a.jpg
SnoDay Polar Ride Sweater,RICH MOCHA BROWN,https://www.aritzia.com/us/en/product/snoday-polar-ride-sweater/110101.html?dwvar_110101_color=18891,R9C8M15C8A2,JSHandle:https://assets.aritzia.com/image/upload/swatch/f23_19_a03_110101_18891_sw.jpg,https://assets.aritzia.com/image/upload/medium/f23_19_a03_110101_18891_off_a.jpg
SnoDay Polar Ride Sweater,MULLEIN,https://www.aritzia.com/us/en/product/snoday-polar-ride-sweater/110101.html?dwvar_110101_color=11908,M21L12E9N,JSHandle:https://assets.aritzia.com/image/upload/swatch/f23_19_a03_110101_11908_sw.jpg,https://assets.aritzia.com/image/upload/medium/f23_19_a03_110101_11908_off_a.jpg
Angie Skirt,RICH MOCHA BROWN,https://www.aritzia.com/us/en/product/angie-skirt/95351.html?dwvar_95351_color=18891,R9C8M15C8A2,JSHandle:https://assets.aritzia.com/image/upload/swatch/s23_04_a07_95351_18891_sw.jpg,https://assets.aritzia.com/image/upload/medium/s23_04_a07_95351_18891_off_a.jpg
Angie Skirt,BLACK,https://www.aritzia.com/us/en/product/angie-skirt/95351.html?dwvar_95351_color=1274,B12A3K,JSHandle:https://assets.aritzia.com/image/upload/swatch/f23_04_a07_95351_1274_sw.jpg,https://assets.aritzia.com/image/upload/medium/f23_04_a07_95351_1274_off_a.jpg
Angie Skirt,MATTE PEARL,https://www.aritzia.com/us/en/product/angie-skirt/95351.html?dwvar_95351_color=15104,M1T20E16E1R12,JSHandle:https://assets.aritzia.com/image/upload/swatch/f23_04_a07_95351_15104_sw.jpg,https://assets.aritzia.com/image/upload/medium/f23_04_a07_95351_15104_off_a.jpg
Angie Skirt,PEPPERCORN GREY,https://www.aritzia.com/us/en/product/angie-skirt/95351.html?dwvar_95351_color=28701,P5P16E18C15R14,JSHandle:https://assets.aritzia.com/image/upload/swatch/f22_04_a07_95351_28701_sw.jpg,https://assets.aritzia.com/image/upload/medium/f22_04_a07_95351_28701_off_a.jpg
Angie Skirt,COGNAC,https://www.aritzia.com/us/en/product/angie-skirt/95351.html?dwvar_95351_color=2198,C15G14A3,JSHandle:https://assets.aritzia.com/image/upload/swatch/s23_04_a07_95351_2198_sw.jpg,https://assets.aritzia.com/image/upload/medium/s23_04_a07_95351_2198_off_a.jpg
Olive Micro Skirt,DAMASK PINK,https://www.aritzia.com/us/en/product/olive-micro-skirt/122631.html?dwvar_122631_color=24695,D1M1S11P9N11,JSHandle:https://assets.aritzia.com/image/upload/swatch/s24_02_a07_122631_24695_sw.jpg,https://assets.aritzia.com/image/upload/medium/s24_02_a07_122631_24695_off_a.jpg
Olive Micro Skirt,BLACK,https://www.aritzia.com/us/en/product/olive-micro-skirt/122631.html?dwvar_122631_color=1274,B12A3K,JSHandle:https://assets.aritzia.com/image/upload/swatch/s24_02_a07_122631_1274_sw.jpg,https://assets.aritzia.com/image/upload/medium/s24_02_a07_122631_1274_off_a.jpg
Olive Micro Skirt,OUTERSPACE,https://www.aritzia.com/us/en/product/olive-micro-skirt/122631.html?dwvar_122631_color=24803,O21T5R19P1C5,JSHandle:https://assets.aritzia.com/image/upload/swatch/s24_02_a07_122631_24803_sw.jpg,https://assets.aritzia.com/image/upload/medium/s24_02_a07_122631_24803_off_a.jpg
Olive Micro Skirt,GREY SKY,https://www.aritzia.com/us/en/product/olive-micro-skirt/122631.html?dwvar_122631_color=24809,G18E25S11Y,JSHandle:https://assets.aritzia.com/image/upload/swatch/s24_02_a07_122631_24809_sw.jpg,https://assets.aritzia.com/image/upload/medium/s24_02_a07_122631_24809_off_a.jpg
TnaBUTTER™ New Rhythm 7" Romper,BLACK,https://www.aritzia.com/us/en/product/tnabutter%E2%84%A2-new-rhythm-7%22-romper/110350.html?dwvar_110350_color=1274,B12A3K,JSHandle:https://assets.aritzia.com/image/upload/swatch/f23_19_a27_110350_1274_sw.jpg,https://assets.aritzia.com/image/upload/medium/f23_19_a27_110350_1274_off_a.jpg
TnaBUTTER™ New Rhythm 7" Romper,DEEP TAUPE,https://www.aritzia.com/us/en/product/tnabutter%E2%84%A2-new-rhythm-7%22-romper/110350.html?dwvar_110350_color=18914,D5E16T1U16E,JSHandle:https://assets.aritzia.com/image/upload/swatch/f23_19_a27_110350_18914_sw.jpg,https://assets.aritzia.com/image/upload/medium/f23_19_a27_110350_18914_off_a.jpg
TnaBUTTER™ New Rhythm 7" Romper,BARELY BLUSH,https://www.aritzia.com/us/en/product/tnabutter%E2%84%A2-new-rhythm-7%22-romper/110350.html?dwvar_110350_color=29484,B1R5L25B12U19,JSHandle:https://assets.aritzia.com/image/upload/swatch/s23_19_a27_110690_29484_sw.jpg,https://assets.aritzia.com/image/upload/medium/s23_19_a27_110690_29484_off_a.jpg
TnaBUTTER™ Cheeky Hi-Rise 7" Short,BLACK/BLACK SPIRO,https://www.aritzia.com/us/en/product/tnabutter%E2%84%A2-cheeky-hi-rise-7%22-short/100135.html?dwvar_100135_color=23954,B12A3K2L1C11,JSHandle:https://assets.aritzia.com/image/upload/swatch/f23_19_a26_100135_23954_sw.jpg,https://assets.aritzia.com/image/upload/medium/f23_19_a26_100135_23954_off_a.jpg
TnaBUTTER™ Cheeky Hi-Rise 7" Short,COGNAC,https://www.aritzia.com/us/en/product/tnabutter%E2%84%A2-cheeky-hi-rise-7%22-short/100135.html?dwvar_100135_color=2198,C15G14A3,JSHandle:https://assets.aritzia.com/image/upload/swatch/s23_19_a26_100135_2198_sw.jpg,https://assets.aritzia.com/image/upload/medium/s23_19_a26_100135_2198_off_a.jpg
TnaBUTTER™ Cheeky Hi-Rise 7" Short,BLACK,https://www.aritzia.com/us/en/product/tnabutter%E2%84%A2-cheeky-hi-rise-7%22-short/100135.html?dwvar_100135_color=1274,B12A3K,JSHandle:https://assets.aritzia.com/image/upload/swatch/f23_19_a26_100135_1274_sw.jpg,https://assets.aritzia.com/image/upload/medium/f23_19_a26_100135_1274_off_a.jpg
TnaBUTTER™ Cheeky Hi-Rise 7" Short,BLACK/ SILVER SPIRO,https://www.aritzia.com/us/en/product/tnabutter%E2%84%A2-cheeky-hi-rise-7%22-short/100135.html?dwvar_100135_color=28676,B12A3K19I12V5,JSHandle:https://assets.aritzia.com/image/upload/swatch/s23_19_a26_100135_28676_sw.jpg,https://assets.aritzia.com/image/upload/medium/s23_19_a26_100135_28676_off_a.jpg
TnaBUTTER™ Cheeky Hi-Rise 7" Short,KOMBU,https://www.aritzia.com/us/en/product/tnabutter%E2%84%A2-cheeky-hi-rise-7%22-short/100135.html?dwvar_100135_color=5870,K15M2U,JSHandle:https://assets.aritzia.com/image/upload/swatch/f23_19_a26_116556_5870_sw.jpg,https://assets.aritzia.com/image/upload/medium/f23_19_a26_116556_5870_off_a.jpg
Market Jumpsuit,SLAB BLUE,https://www.aritzia.com/us/en/product/market-jumpsuit/82712.html?dwvar_82712_color=27638,S12A2B12U5,JSHandle:https://assets.aritzia.com/image/upload/swatch/s24_04_a27_82712_27638_sw.jpg,https://assets.aritzia.com/image/upload/medium/s24_04_a27_82712_27638_off_a.jpg
Olive Midi Pleated Skirt,DELILAH SCRB/WKR TN,https://www.aritzia.com/us/en/product/olive-midi-pleated-skirt/112453.html?dwvar_112453_color=31493,D5L9L1H19C18,JSHandle:https://assets.aritzia.com/image/upload/swatch/s24_02_a07_112453_31493_sw.jpg,https://assets.aritzia.com/image/upload/medium/s24_02_a07_112453_31493_off_a.jpg
Olive Midi Pleated Skirt,DELILAH R MC BR/HZ GR,https://www.aritzia.com/us/en/product/olive-midi-pleated-skirt/112453.html?dwvar_112453_color=31492,D5L9L1H18M3,JSHandle:https://assets.aritzia.com/image/upload/swatch/s24_02_a07_112453_31492_sw.jpg,https://assets.aritzia.com/image/upload/medium/s24_02_a07_112453_31492_off_a.jpg
Olive Midi Pleated Skirt,WICKER TAN,https://www.aritzia.com/us/en/product/olive-midi-pleated-skirt/112453.html?dwvar_112453_color=28150,W9C11E18T1N,JSHandle:https://assets.aritzia.com/image/upload/swatch/f23_02_a07_112453_28150_sw.jpg,https://assets.aritzia.com/image/upload/medium/f23_02_a07_112453_28150_off_a.jpg
Olive Midi Pleated Skirt,BLACK,https://www.aritzia.com/us/en/product/olive-midi-pleated-skirt/112453.html?dwvar_112453_color=1274,B12A3K,JSHandle:https://assets.aritzia.com/image/upload/swatch/f23_02_a07_112453_1274_sw.jpg,https://assets.aritzia.com/image/upload/medium/f23_02_a07_112453_1274_off_a.jpg
Olive Midi Pleated Skirt,ADMIRAL,https://www.aritzia.com/us/en/product/olive-midi-pleated-skirt/112453.html?dwvar_112453_color=10230,A4M9R1L,JSHandle:https://assets.aritzia.com/image/upload/swatch/f23_02_a07_112453_10230_sw.jpg,https://assets.aritzia.com/image/upload/medium/f23_02_a07_112453_10230_off_a.jpg
The Pillow Puff Long,BLACK,https://www.aritzia.com/us/en/product/the-pillow-puff-long/114157.html?dwvar_114157_color=1274,B12A3K,JSHandle:https://assets.aritzia.com/image/upload/swatch/f24_a04_114157_1274_sw.jpg,https://assets.aritzia.com/image/upload/medium/f24_a04_114157_1274_off_a.jpg
The Pillow Puff Long,HAZE GREY,https://www.aritzia.com/us/en/product/the-pillow-puff-long/114157.html?dwvar_114157_color=11157,H1Z5G18E25,JSHandle:https://assets.aritzia.com/image/upload/swatch/f24_a04_114157_11157_sw.jpg,https://assets.aritzia.com/image/upload/medium/f24_a04_114157_11157_off_a.jpg
The Pillow Puff Long,TURNER TAUPE,https://www.aritzia.com/us/en/product/the-pillow-puff-long/114157.html?dwvar_114157_color=19049,T21R14E18T1U16,JSHandle:https://assets.aritzia.com/image/upload/swatch/f24_a04_114157_19049_sw.jpg,https://assets.aritzia.com/image/upload/medium/f24_a04_114157_19049_off_a.jpg
The Pillow Puff Long,OLIVE LEAF GREEN,https://www.aritzia.com/us/en/product/the-pillow-puff-long/114157.html?dwvar_114157_color=18257,O12I22E12E1F7,JSHandle:https://assets.aritzia.com/image/upload/swatch/f24_a04_114157_18257_sw.jpg,https://assets.aritzia.com/image/upload/medium/f24_a04_114157_18257_off_a.jpg
Nola Shortsleeve Sweater,STRAWBERRY PUFF,https://www.aritzia.com/us/en/product/nola-shortsleeve-sweater/120333.html?dwvar_120333_color=24272,S20R1W2E18R25,JSHandle:https://assets.aritzia.com/image/upload/swatch/s24_04_a03_120333_24272_sw.jpg,https://assets.aritzia.com/image/upload/medium/s24_04_a03_120333_24272_off_a.jpg
Eavesdrop Dress,MARMONT,https://www.aritzia.com/us/en/product/eavesdrop-dress/113868.html?dwvar_113868_color=12908,M1R13O14T,JSHandle:https://assets.aritzia.com/image/upload/swatch/s24_04_a08_113868_12908_sw.jpg,https://assets.aritzia.com/image/upload/medium/s24_04_a08_113868_12908_off_a.jpg
The Limitless Pant™,CAIRO,https://www.aritzia.com/us/en/product/the-limitless-pant%E2%84%A2/120873.html?dwvar_120873_color=3048,C1I18O,JSHandle:https://assets.aritzia.com/image/upload/swatch/s24_04_a06_120873_3048_sw.jpg,https://assets.aritzia.com/image/upload/medium/s24_04_a06_120873_3048_off_a.jpg
Francis Sweater,ESPACE,https://www.aritzia.com/us/en/product/francis-sweater/115883.html?dwvar_115883_color=3030,E19P1C5,JSHandle:https://assets.aritzia.com/image/upload/swatch/s24_02_a03_115883_3030_sw.jpg,https://assets.aritzia.com/image/upload/medium/s24_02_a03_115883_3030_off_a.jpg
The Effortless Pant™ Linen Wider,NATURAL ECRU,https://www.aritzia.com/us/en/product/the-effortless-pant%E2%84%A2-linen-wider/119562.html?dwvar_119562_color=21352,N1T21R1L5C18,JSHandle:https://assets.aritzia.com/image/upload/swatch/s24_99_a06_119562_21352_sw.jpg,https://assets.aritzia.com/image/upload/medium/s24_99_a06_119562_21352_off_a.jpg
The Effortless Pant™ Linen Wider,BLACK,https://www.aritzia.com/us/en/product/the-effortless-pant%E2%84%A2-linen-wider/119562.html?dwvar_119562_color=1274,B12A3K,JSHandle:https://assets.aritzia.com/image/upload/swatch/s24_99_a06_119562_1274_sw.jpg,https://assets.aritzia.com/image/upload/medium/s24_99_a06_119562_1274_off_a.jpg
The Effortless Pant™ Linen Wider,WHITE,https://www.aritzia.com/us/en/product/the-effortless-pant%E2%84%A2-linen-wider/119562.html?dwvar_119562_color=1275,W8I20E,JSHandle:https://assets.aritzia.com/image/upload/swatch/s24_99_a06_119562_1275_sw.jpg,https://assets.aritzia.com/image/upload/medium/s24_99_a06_119562_1275_off_a.jpg
Utility Linen Shirt,NATURAL ECRU,https://www.aritzia.com/us/en/product/utility-linen-shirt/97782.html?dwvar_97782_color=21352,N1T21R1L5C18,JSHandle:https://assets.aritzia.com/image/upload/swatch/s24_01_a02_97782_21352_sw.jpg,https://assets.aritzia.com/image/upload/medium/s24_01_a02_97782_21352_off_a.jpg
BUTTER Atmosphere Hi-Rise 5" Short,ASHEN,https://www.aritzia.com/us/en/product/butter-atmosphere-hi-rise-5%22-short/116695.html?dwvar_116695_color=160,A19H5N,JSHandle:https://assets.aritzia.com/image/upload/swatch/s24_14_a26_116695_160_sw.jpg,https://assets.aritzia.com/image/upload/medium/s24_14_a26_116695_160_off_a.jpg
Contour Mini Tube Dress,BLACK,https://www.aritzia.com/us/en/product/contour-mini-tube-dress/122879.html?dwvar_122879_color=1274,B12A3K,JSHandle:https://assets.aritzia.com/image/upload/swatch/s24_99_a08_122879_1274_sw.jpg,https://assets.aritzia.com/image/upload/medium/s24_99_a08_122879_1274_off_a.jpg
Contour Mini Tube Dress,WHITE,https://www.aritzia.com/us/en/product/contour-mini-tube-dress/122879.html?dwvar_122879_color=1275,W8I20E,JSHandle:https://assets.aritzia.com/image/upload/swatch/s24_99_a08_122879_1275_sw.jpg,https://assets.aritzia.com/image/upload/medium/s24_99_a08_122879_1275_off_a.jpg
Ambition Blazer,LIGHT BIRCH,https://www.aritzia.com/us/en/product/ambition-blazer/118191.html?dwvar_118191_color=11420,L9G8T2I18C8,JSHandle:https://assets.aritzia.com/image/upload/swatch/s24_01_a04_118191_11420_sw.jpg,https://assets.aritzia.com/image/upload/medium/s24_01_a04_118191_11420_off_a.jpg
Ambition Blazer,BLACK,https://www.aritzia.com/us/en/product/ambition-blazer/118191.html?dwvar_118191_color=1274,B12A3K,JSHandle:https://assets.aritzia.com/image/upload/swatch/s24_01_a04_118191_1274_sw.jpg,https://assets.aritzia.com/image/upload/medium/s24_01_a04_118191_1274_off_a.jpg
Ambition Blazer,FELTED TAUPE,https://www.aritzia.com/us/en/product/ambition-blazer/118191.html?dwvar_118191_color=28462,F5L20E4T1U16,JSHandle:https://assets.aritzia.com/image/upload/swatch/s24_01_a04_118191_28462_sw.jpg,https://assets.aritzia.com/image/upload/medium/s24_01_a04_118191_28462_off_a.jpg
TnaBUTTER™ New Rhythm 5" Romper,BARELY BLUSH,https://www.aritzia.com/us/en/product/tnabutter%E2%84%A2-new-rhythm-5%22-romper/110351.html?dwvar_110351_color=29484,B1R5L25B12U19,JSHandle:https://assets.aritzia.com/image/upload/swatch/s23_19_a27_110351_29484_sw.jpg,https://assets.aritzia.com/image/upload/medium/s23_19_a27_110351_29484_off_a.jpg
TnaBUTTER™ New Rhythm 5" Romper,BLACK,https://www.aritzia.com/us/en/product/tnabutter%E2%84%A2-new-rhythm-5%22-romper/110351.html?dwvar_110351_color=1274,B12A3K,JSHandle:https://assets.aritzia.com/image/upload/swatch/f23_19_a27_110351_1274_sw.jpg,https://assets.aritzia.com/image/upload/medium/f23_19_a27_110351_1274_off_a.jpg
The Effortless Short™ Linen Mid-Thigh,LONDON GREY,https://www.aritzia.com/us/en/product/the-effortless-short%E2%84%A2-linen-mid-thigh/119073.html?dwvar_119073_color=33233,L15N4O14G18E25,JSHandle:https://assets.aritzia.com/image/upload/swatch/s24_99_a26_119073_33233_sw.jpg,https://assets.aritzia.com/image/upload/medium/s24_99_a26_119073_33233_off_a.jpg
The Effortless Short™ Linen Mid-Thigh,CAIRO,https://www.aritzia.com/us/en/product/the-effortless-short%E2%84%A2-linen-mid-thigh/119073.html?dwvar_119073_color=3048,C1I18O,JSHandle:https://assets.aritzia.com/image/upload/swatch/s24_99_a26_119073_3048_sw.jpg,https://assets.aritzia.com/image/upload/medium/s24_99_a26_119073_3048_off_a.jpg
Rib Seamless Willow Cropped T-Shirt,CRUISE BLUE,https://www.aritzia.com/us/en/product/rib-seamless-willow-cropped-t-shirt/116579.html?dwvar_116579_color=30360,C18U9S5B12U5,JSHandle:https://assets.aritzia.com/image/upload/swatch/s24_99_a01_116579_30360_sw.jpg,https://assets.aritzia.com/image/upload/medium/s24_99_a01_116579_30360_off_a.jpg
BUTTER Shake-It Jumpsuit,TURNER TAUPE,https://www.aritzia.com/us/en/product/butter-shake-it-jumpsuit/116756.html?dwvar_116756_color=19049,T21R14E18T1U16,JSHandle:https://assets.aritzia.com/image/upload/swatch/s24_14_a27_116756_19049_sw.jpg,https://assets.aritzia.com/image/upload/medium/s24_14_a27_116756_19049_off_a.jpg
BUTTER Shake-It Jumpsuit,BLACK,https://www.aritzia.com/us/en/product/butter-shake-it-jumpsuit/116756.html?dwvar_116756_color=1274,B12A3K,JSHandle:https://assets.aritzia.com/image/upload/swatch/s24_14_a27_116756_1274_sw.jpg,https://assets.aritzia.com/image/upload/medium/s24_14_a27_116756_1274_off_a.jpg
BUTTER Shake-It Jumpsuit,RICH MOCHA BROWN,https://www.aritzia.com/us/en/product/butter-shake-it-jumpsuit/116756.html?dwvar_116756_color=18891,R9C8M15C8A2,JSHandle:https://assets.aritzia.com/image/upload/swatch/s24_14_a27_116756_18891_sw.jpg,https://assets.aritzia.com/image/upload/medium/s24_14_a27_116756_18891_off_a.jpg
Souvenir Sweater,HEATHER CHARCOAL,https://www.aritzia.com/us/en/product/souvenir-sweater/112193.html?dwvar_112193_color=6046,H5A20H5R3H1,JSHandle:https://assets.aritzia.com/image/upload/swatch/f23_07_a03_112193_6046_sw.jpg,https://assets.aritzia.com/image/upload/medium/f23_07_a03_112193_6046_off_a.jpg
Souvenir Sweater,LIGHT BIRCH,https://www.aritzia.com/us/en/product/souvenir-sweater/112193.html?dwvar_112193_color=11420,L9G8T2I18C8,JSHandle:https://assets.aritzia.com/image/upload/swatch/f23_07_a03_112193_11420_sw.jpg,https://assets.aritzia.com/image/upload/medium/f23_07_a03_112193_11420_off_a.jpg
Souvenir Sweater,HEATHER BONE,https://www.aritzia.com/us/en/product/souvenir-sweater/112193.html?dwvar_112193_color=10250,H5A20H5R2O14,JSHandle:https://assets.aritzia.com/image/upload/swatch/f23_07_a03_112193_10250_sw.jpg,https://assets.aritzia.com/image/upload/medium/f23_07_a03_112193_10250_off_a.jpg
Souvenir Sweater,TAUPE BEIGE,https://www.aritzia.com/us/en/product/souvenir-sweater/112193.html?dwvar_112193_color=15617,T1U16E2E9G5,JSHandle:https://assets.aritzia.com/image/upload/swatch/f23_07_a03_112193_15617_sw.jpg,https://assets.aritzia.com/image/upload/medium/f23_07_a03_112193_15617_off_a.jpg
Souvenir Sweater,HEATHER LIGHT GREY,https://www.aritzia.com/us/en/product/souvenir-sweater/112193.html?dwvar_112193_color=6162,H5A20H5R12I7,JSHandle:https://assets.aritzia.com/image/upload/swatch/f23_07_a03_112193_6162_sw.jpg,https://assets.aritzia.com/image/upload/medium/f23_07_a03_112193_6162_off_a.jpg
Souvenir Sweater,ADMIRAL,https://www.aritzia.com/us/en/product/souvenir-sweater/112193.html?dwvar_112193_color=10230,A4M9R1L,JSHandle:https://assets.aritzia.com/image/upload/t_swatch/f7f7f7.jpg,https://assets.aritzia.com/image/upload/medium/f23_07_a03_112193_10230_off_a.jpg
The New Summit Parka Short,MODERN TAUPE,https://www.aritzia.com/us/en/product/the-new-summit-parka-short/111060.html?dwvar_111060_color=6038,M15D5R14T1U16,JSHandle:https://assets.aritzia.com/image/upload/swatch/f23_03_a05_111060_6038_sw.jpg,https://assets.aritzia.com/image/upload/medium/f23_03_a05_111060_6038_off_a.jpg
The New Summit Parka Short,BLACK,https://www.aritzia.com/us/en/product/the-new-summit-parka-short/111060.html?dwvar_111060_color=1274,B12A3K,JSHandle:https://assets.aritzia.com/image/upload/swatch/f23_03_a05_111060_1274_sw.jpg,https://assets.aritzia.com/image/upload/medium/f23_03_a05_111060_1274_off_a.jpg
The New Summit Parka Short,BLACK/BLACK,https://www.aritzia.com/us/en/product/the-new-summit-parka-short/111060.html?dwvar_111060_color=1626,B12A3K2L1C11,JSHandle:https://assets.aritzia.com/image/upload/swatch/f23_03_a05_111060_1626_sw.jpg,https://assets.aritzia.com/image/upload/medium/f23_03_a05_111060_1626_off_a.jpg
The New Summit Parka Short,ELEGANT CHARCOAL,https://www.aritzia.com/us/en/product/the-new-summit-parka-short/111060.html?dwvar_111060_color=18872,E12E7A14T3H1,JSHandle:https://assets.aritzia.com/image/upload/swatch/f23_03_a05_111060_18872_sw.jpg,https://assets.aritzia.com/image/upload/medium/f23_03_a05_111060_18872_off_a.jpg
The New Summit Parka Short,MT PEARL/ MT PEARL,https://www.aritzia.com/us/en/product/the-new-summit-parka-short/111060.html?dwvar_111060_color=31826,M20P5A18L13T16,JSHandle:https://assets.aritzia.com/image/upload/swatch/f23_03_a05_111060_31826_sw.jpg,https://assets.aritzia.com/image/upload/medium/f23_03_a05_111060_31826_off_a.jpg
The Slouch™ Coat — Wool Cashmere,TWEED BLACK/WHITE,https://www.aritzia.com/us/en/product/the-slouch%E2%84%A2-coat/111824.html?dwvar_111824_color=29211,T23E5D2L1C11,JSHandle:https://assets.aritzia.com/image/upload/swatch/f23_01_a05_111824_29211_sw.jpg,https://assets.aritzia.com/image/upload/medium/f23_01_a05_111824_29211_off_a.jpg
The Slouch™ Coat — Wool Cashmere,TWEED BLACK/GREY,https://www.aritzia.com/us/en/product/the-slouch%E2%84%A2-coat/111824.html?dwvar_111824_color=31295,T23E5D2L1C11,JSHandle:https://assets.aritzia.com/image/upload/swatch/f23_01_a05_111824_31295_sw.jpg,https://assets.aritzia.com/image/upload/medium/f23_01_a05_111824_31295_off_a.jpg
Contour Bandeau Top,BLACK,https://www.aritzia.com/us/en/product/contour-bandeau-top/122878.html?dwvar_122878_color=1274,B12A3K,JSHandle:https://assets.aritzia.com/image/upload/swatch/s24_99_a01_122878_1274_sw.jpg,https://assets.aritzia.com/image/upload/medium/s24_99_a01_122878_1274_off_a.jpg
Contour Bandeau Top,WHITE,https://www.aritzia.com/us/en/product/contour-bandeau-top/122878.html?dwvar_122878_color=1275,W8I20E,JSHandle:https://assets.aritzia.com/image/upload/swatch/s24_99_a01_122878_1275_sw.jpg,https://assets.aritzia.com/image/upload/medium/s24_99_a01_122878_1275_off_a.jpg
Freestyle Jumpsuit,SHITAKE,https://www.aritzia.com/us/en/product/freestyle-jumpsuit/99810.html?dwvar_99810_color=1952,S8I20A11E,JSHandle:https://assets.aritzia.com/image/upload/swatch/s23_07_a27_99810_1952_sw.jpg,https://assets.aritzia.com/image/upload/medium/s23_07_a27_99810_1952_off_a.jpg
Freestyle Jumpsuit,BLACK,https://www.aritzia.com/us/en/product/freestyle-jumpsuit/99810.html?dwvar_99810_color=1274,B12A3K,JSHandle:https://assets.aritzia.com/image/upload/swatch/f23_07_a27_99810_1274_sw.jpg,https://assets.aritzia.com/image/upload/medium/f23_07_a27_99810_1274_off_a.jpg
Freestyle Jumpsuit,BITTER SAGE,https://www.aritzia.com/us/en/product/freestyle-jumpsuit/99810.html?dwvar_99810_color=27381,B9T20E18S1G5,JSHandle:https://assets.aritzia.com/image/upload/swatch/s23_07_a27_99810_27381_sw.jpg,https://assets.aritzia.com/image/upload/medium/s23_07_a27_99810_27381_off_a.jpg
Freestyle Jumpsuit,DEEP TAUPE,https://www.aritzia.com/us/en/product/freestyle-jumpsuit/99810.html?dwvar_99810_color=18914,D5E16T1U16E,JSHandle:https://assets.aritzia.com/image/upload/swatch/s23_07_a27_104172_18914_sw.jpg,https://assets.aritzia.com/image/upload/medium/s23_07_a27_104172_18914_off_a.jpg
New Essential Relaxed Poplin Shirt,FELIX STRIPE WHITE/TAN,https://www.aritzia.com/us/en/product/new-essential-relaxed-poplin-shirt/112695.html?dwvar_112695_color=32768,F5L9X19T18I16,JSHandle:https://assets.aritzia.com/image/upload/swatch/s24_01_a02_112695_32768_sw.jpg,https://assets.aritzia.com/image/upload/medium/s24_01_a02_112695_32768_off_a.jpg
New Essential Relaxed Poplin Shirt,SMONE STRP LTBRCH/BLK,https://www.aritzia.com/us/en/product/new-essential-relaxed-poplin-shirt/112695.html?dwvar_112695_color=32765,S13O14E19T18P12,JSHandle:https://assets.aritzia.com/image/upload/swatch/s24_01_a02_112695_32765_sw.jpg,https://assets.aritzia.com/image/upload/medium/s24_01_a02_112695_32765_off_a.jpg
TnaLIFE™ Shake-It 7" Romper,BLACK,https://www.aritzia.com/us/en/product/tnalife%E2%84%A2-shake-it-7%22-romper/107681.html?dwvar_107681_color=1274,B12A3K,JSHandle:https://assets.aritzia.com/image/upload/swatch/f23_19_a27_107681_1274_sw.jpg,https://assets.aritzia.com/image/upload/medium/f23_19_a27_107681_1274_off_a.jpg
TnaLIFE™ Shake-It 7" Romper,BARELY BLUSH,https://www.aritzia.com/us/en/product/tnalife%E2%84%A2-shake-it-7%22-romper/107681.html?dwvar_107681_color=29484,B1R5L25B12U19,JSHandle:https://assets.aritzia.com/image/upload/swatch/s23_19_a27_107681_29484_sw.jpg,https://assets.aritzia.com/image/upload/medium/s23_19_a27_107681_29484_off_a.jpg
TnaLIFE™ Shake-It 7" Romper,TURNER TAUPE,https://www.aritzia.com/us/en/product/tnalife%E2%84%A2-shake-it-7%22-romper/107681.html?dwvar_107681_color=19049,T21R14E18T1U16,JSHandle:https://assets.aritzia.com/image/upload/swatch/s23_19_a27_107681_19049_sw.jpg,https://assets.aritzia.com/image/upload/medium/s23_19_a27_107681_19049_off_a.jpg
Contour Squareneck Bodysuit,HOT CHEEKY RED,https://www.aritzia.com/us/en/product/contour-squareneck-bodysuit/118756.html?dwvar_118756_color=32435,H15T3H5E11Y18,JSHandle:https://assets.aritzia.com/image/upload/swatch/s24_99_a28_118756_32435_sw.jpg,https://assets.aritzia.com/image/upload/medium/s24_99_a28_118756_32435_off_a.jpg
GlossForm™ New Cheeky Hi-Rise 3" Short,DEEP TAUPE,https://www.aritzia.com/us/en/product/glossform%E2%84%A2-new-cheeky-hi-rise-3%22-short/118880.html?dwvar_118880_color=18914,D5E16T1U16E,JSHandle:https://assets.aritzia.com/image/upload/swatch/s24_14_a26_118880_18914_sw.jpg,https://assets.aritzia.com/image/upload/medium/s24_14_a26_118880_18914_off_a.jpg
GlossForm™ New Cheeky Hi-Rise 3" Short,LAVANDIN,https://www.aritzia.com/us/en/product/glossform%E2%84%A2-new-cheeky-hi-rise-3%22-short/118880.html?dwvar_118880_color=24274,L1V1N4I14,JSHandle:https://assets.aritzia.com/image/upload/swatch/s24_14_a26_118880_24274_sw.jpg,https://assets.aritzia.com/image/upload/medium/s24_14_a26_118880_24274_off_a.jpg
GlossForm™ New Cheeky Hi-Rise 3" Short,BLACK,https://www.aritzia.com/us/en/product/glossform%E2%84%A2-new-cheeky-hi-rise-3%22-short/118880.html?dwvar_118880_color=1274,B12A3K,JSHandle:https://assets.aritzia.com/image/upload/swatch/s24_14_a26_118880_1274_sw.jpg,https://assets.aritzia.com/image/upload/medium/s24_14_a26_118880_1274_off_a.jpg
SoftWhip™ New Cheeky Hi-Rise Legging,HEATHER CLOUD WHITE,https://www.aritzia.com/us/en/product/softwhip%E2%84%A2-new-cheeky-hi-rise-legging/115790.html?dwvar_115790_color=19451,H5A20H5R3L15,JSHandle:https://assets.aritzia.com/image/upload/swatch/s24_14_a06_115790_19451_sw.jpg,https://assets.aritzia.com/image/upload/medium/s24_14_a06_115790_19451_off_a.jpg
BUTTER Atmosphere Hi-Rise 7" Short,SHADED GREY,https://www.aritzia.com/us/en/product/butter-atmosphere-hi-rise-7%22-short/116696.html?dwvar_116696_color=30394,S8A4E4G18E25,JSHandle:https://assets.aritzia.com/image/upload/swatch/s24_14_a26_116696_30394_sw.jpg,https://assets.aritzia.com/image/upload/medium/s24_14_a26_116696_30394_off_a.jpg
Mercy Cargo Pant,BLUSH GREY,https://www.aritzia.com/us/en/product/mercy-cargo-pant/113769.html?dwvar_113769_color=33053,B12U19H7R5Y,JSHandle:https://assets.aritzia.com/image/upload/swatch/s24_04_a06_113769_33053_sw.jpg,https://assets.aritzia.com/image/upload/medium/s24_04_a06_113769_33053_off_a.jpg
Mercy Cargo Pant,LIGHT BIRCH,https://www.aritzia.com/us/en/product/mercy-cargo-pant/113769.html?dwvar_113769_color=11420,L9G8T2I18C8,JSHandle:https://assets.aritzia.com/image/upload/swatch/s24_04_a06_113769_11420_sw.jpg,https://assets.aritzia.com/image/upload/medium/s24_04_a06_113769_11420_off_a.jpg
Mercy Cargo Pant,BLACK,https://www.aritzia.com/us/en/product/mercy-cargo-pant/113769.html?dwvar_113769_color=1274,B12A3K,JSHandle:https://assets.aritzia.com/image/upload/swatch/s24_04_a06_113769_1274_sw.jpg,https://assets.aritzia.com/image/upload/medium/s24_04_a06_113769_1274_off_a.jpg
Mercy Cargo Pant,DARK OLIVE,https://www.aritzia.com/us/en/product/mercy-cargo-pant/113769.html?dwvar_113769_color=2819,D1R11O12I22E,JSHandle:https://assets.aritzia.com/image/upload/swatch/s24_04_a06_113769_2819_sw.jpg,https://assets.aritzia.com/image/upload/medium/s24_04_a06_113769_2819_off_a.jpg
Mercy Cargo Pant,GOLD CAMEL,https://www.aritzia.com/us/en/product/mercy-cargo-pant/113769.html?dwvar_113769_color=15033,G15L4C1M5L,JSHandle:https://assets.aritzia.com/image/upload/swatch/f23_04_a06_113769_15033_sw.jpg,https://assets.aritzia.com/image/upload/medium/f23_04_a06_113769_15033_off_a.jpg
Hold-It™ Atmosphere Hi-Rise 3" Short,BLACK,https://www.aritzia.com/us/en/product/hold-it%E2%84%A2-atmosphere-hi-rise-3%22-short/111815.html?dwvar_111815_color=1274,B12A3K,JSHandle:https://assets.aritzia.com/image/upload/swatch/s24_03_a26_111815_1274_sw.jpg,https://assets.aritzia.com/image/upload/medium/s24_03_a26_111815_1274_off_a.jpg
Hold-It™ Atmosphere Hi-Rise 3" Short,COBALT BLUE,https://www.aritzia.com/us/en/product/hold-it%E2%84%A2-atmosphere-hi-rise-3%22-short/111815.html?dwvar_111815_color=18108,C15B1L20B12U5,JSHandle:https://assets.aritzia.com/image/upload/swatch/s24_03_a26_111815_18108_sw.jpg,https://assets.aritzia.com/image/upload/medium/s24_03_a26_111815_18108_off_a.jpg
Hold-It™ Atmosphere Hi-Rise 3" Short,SCARAB,https://www.aritzia.com/us/en/product/hold-it%E2%84%A2-atmosphere-hi-rise-3%22-short/111815.html?dwvar_111815_color=10814,S3A18A2,JSHandle:https://assets.aritzia.com/image/upload/swatch/f23_03_a26_111815_10814_sw.jpg,https://assets.aritzia.com/image/upload/medium/f23_03_a26_111815_10814_off_a.jpg
Pesci Vest,GOLD CAMEL,https://www.aritzia.com/us/en/product/pesci-vest/114828.html?dwvar_114828_color=15033,G15L4C1M5L,JSHandle:https://assets.aritzia.com/image/upload/swatch/s24_04_a04_114828_15033_sw.jpg,https://assets.aritzia.com/image/upload/medium/s24_04_a04_114828_15033_off_a.jpg
Pesci Vest,BLACK,https://www.aritzia.com/us/en/product/pesci-vest/114828.html?dwvar_114828_color=1274,B12A3K,JSHandle:https://assets.aritzia.com/image/upload/swatch/s24_04_a04_114828_1274_sw.jpg,https://assets.aritzia.com/image/upload/medium/s24_04_a04_114828_1274_off_a.jpg
Pesci Vest,DARK NIGHT NAVY,https://www.aritzia.com/us/en/product/pesci-vest/114828.html?dwvar_114828_color=30751,D1R11N9G8T14,JSHandle:https://assets.aritzia.com/image/upload/swatch/s24_04_a04_114828_30751_sw.jpg,https://assets.aritzia.com/image/upload/medium/s24_04_a04_114828_30751_off_a.jpg
Pesci Vest,MODERN TAUPE,https://www.aritzia.com/us/en/product/pesci-vest/114828.html?dwvar_114828_color=6038,M15D5R14T1U16,JSHandle:https://assets.aritzia.com/image/upload/swatch/s24_04_a04_114828_6038_sw.jpg,https://assets.aritzia.com/image/upload/medium/s24_04_a04_114828_6038_off_a.jpg
Pesci Vest,HUMUS BEIGE,https://www.aritzia.com/us/en/product/pesci-vest/114828.html?dwvar_114828_color=22064,H21M21S2E9G5,JSHandle:https://assets.aritzia.com/image/upload/swatch/s24_04_a04_114828_22064_sw.jpg,https://assets.aritzia.com/image/upload/medium/s24_04_a04_114828_22064_off_a.jpg
Pesci Vest,ASHEN,https://www.aritzia.com/us/en/product/pesci-vest/114828.html?dwvar_114828_color=160,A19H5N,JSHandle:https://assets.aritzia.com/image/upload/t_swatch/f7f7f7.jpg,https://assets.aritzia.com/image/upload/medium/s24_04_a04_114828_160_off_a.jpg
Flock Sweater,CONSTANT CAMEL,https://www.aritzia.com/us/en/product/flock-sweater/120798.html?dwvar_120798_color=4322,C15N19T1N20C1,JSHandle:https://assets.aritzia.com/image/upload/swatch/s24_04_a03_120798_4322_sw.jpg,https://assets.aritzia.com/image/upload/medium/s24_04_a03_120798_4322_off_a.jpg
Flock Sweater,HEATHER BIRCH,https://www.aritzia.com/us/en/product/flock-sweater/120798.html?dwvar_120798_color=7325,H5A20H5R2I18,JSHandle:https://assets.aritzia.com/image/upload/swatch/s24_04_a03_120798_7325_sw.jpg,https://assets.aritzia.com/image/upload/medium/s24_04_a03_120798_7325_off_a.jpg
Wedgie Straight Jean,UNSTPPABLE WEAR,https://www.aritzia.com/us/en/product/wedgie-straight-jean/111338.html?dwvar_111338_color=31210,U14S20P16A2L5,JSHandle:https://assets.aritzia.com/image/upload/swatch/f23_98_a06_111338_31210_sw.jpg,https://assets.aritzia.com/image/upload/medium/f23_98_a06_111338_31210_off_a.jpg
The '90s Tube Maxi Denim Dress,UNDER PRESSURE,https://www.aritzia.com/us/en/product/the-%2790s-tube-maxi-denim-dress/116280.html?dwvar_116280_color=31906,U14D5R16R5S19,JSHandle:https://assets.aritzia.com/image/upload/swatch/s24_10_a08_116280_31906_sw.jpg,https://assets.aritzia.com/image/upload/medium/s24_10_a08_116280_31906_off_a.jpg
The '90s Tube Maxi Denim Dress,BLACK EYELINER,https://www.aritzia.com/us/en/product/the-%2790s-tube-maxi-denim-dress/116280.html?dwvar_116280_color=16408,B12A3K5Y5L9,JSHandle:https://assets.aritzia.com/image/upload/swatch/s24_10_a08_116386_16408_sw.jpg,https://assets.aritzia.com/image/upload/medium/s24_10_a08_116386_16408_off_a.jpg
TnaBUTTER™ Reverb Camisole,BLACK,https://www.aritzia.com/us/en/product/tnabutter%E2%84%A2-reverb-camisole/107156.html?dwvar_107156_color=1274,B12A3K,JSHandle:https://assets.aritzia.com/image/upload/swatch/f23_19_a01_107156_1274_sw.jpg,https://assets.aritzia.com/image/upload/medium/f23_19_a01_107156_1274_off_a.jpg
Carter Blouse,HOT CHEEKY RED,https://www.aritzia.com/us/en/product/carter-blouse/95895.html?dwvar_95895_color=32435,H15T3H5E11Y18,JSHandle:https://assets.aritzia.com/image/upload/swatch/s24_01_a02_95895_32435_sw.jpg,https://assets.aritzia.com/image/upload/medium/s24_01_a02_95895_32435_off_a.jpg
Carrot Pant,BLACK,https://www.aritzia.com/us/en/product/carrot-pant/95519.html?dwvar_95519_color=1274,B12A3K,JSHandle:https://assets.aritzia.com/image/upload/swatch/s24_04_a06_80014_1274_sw.jpg,https://assets.aritzia.com/image/upload/medium/s24_04_a06_80014_1274_off_a.jpg
Carrot Pant,LIGHT BIRCH,https://www.aritzia.com/us/en/product/carrot-pant/95519.html?dwvar_95519_color=11420,L9G8T2I18C8,JSHandle:https://assets.aritzia.com/image/upload/swatch/f23_04_a06_80014_11420_sw.jpg,https://assets.aritzia.com/image/upload/medium/f23_04_a06_80014_11420_off_a.jpg
Carrot Pant,SAVILLE,https://www.aritzia.com/us/en/product/carrot-pant/95519.html?dwvar_95519_color=19170,S1V9L12E,JSHandle:https://assets.aritzia.com/image/upload/swatch/f22_04_a06_80014_19170_sw.jpg,https://assets.aritzia.com/image/upload/medium/f22_04_a06_80014_19170_off_a.jpg
Carrot Pant,COGNAC,https://www.aritzia.com/us/en/product/carrot-pant/95519.html?dwvar_95519_color=2198,C15G14A3,JSHandle:https://assets.aritzia.com/image/upload/swatch/f22_04_a06_80014_2198_sw.jpg,https://assets.aritzia.com/image/upload/medium/f22_04_a06_80014_2198_off_a.jpg
Carrot Pant,PEPPERCORN GREY,https://www.aritzia.com/us/en/product/carrot-pant/95519.html?dwvar_95519_color=28701,P5P16E18C15R14,JSHandle:https://assets.aritzia.com/image/upload/swatch/f22_04_a06_80014_28701_sw.jpg,https://assets.aritzia.com/image/upload/medium/f22_04_a06_80014_28701_off_a.jpg
Carrot Pant,MORADO GREY,https://www.aritzia.com/us/en/product/carrot-pant/95519.html?dwvar_95519_color=28707,M15R1D15G18E25,JSHandle:https://assets.aritzia.com/image/upload/t_swatch/f7f7f7.jpg,https://assets.aritzia.com/image/upload/medium/f22_04_a06_80014_28707_off_a.jpg
New Bridger Cargo Pant,BLACK,https://www.aritzia.com/us/en/product/new-bridger-cargo-pant/119640.html?dwvar_119640_color=1274,B12A3K,JSHandle:https://assets.aritzia.com/image/upload/swatch/s24_04_a06_119640_1274_sw.jpg,https://assets.aritzia.com/image/upload/medium/s24_04_a06_119640_1274_off_a.jpg
New Bridger Cargo Pant,RICH MOCHA BROWN,https://www.aritzia.com/us/en/product/new-bridger-cargo-pant/119640.html?dwvar_119640_color=18891,R9C8M15C8A2,JSHandle:https://assets.aritzia.com/image/upload/swatch/s24_04_a06_119640_18891_sw.jpg,https://assets.aritzia.com/image/upload/medium/s24_04_a06_119640_18891_off_a.jpg
New Bridger Cargo Pant,CONSTANT CAMEL,https://www.aritzia.com/us/en/product/new-bridger-cargo-pant/119640.html?dwvar_119640_color=4322,C15N19T1N20C1,JSHandle:https://assets.aritzia.com/image/upload/swatch/s24_04_a06_119640_4322_sw.jpg,https://assets.aritzia.com/image/upload/medium/s24_04_a06_119640_4322_off_a.jpg
Troop Cargo Skirt,GD ARMY GREEN,https://www.aritzia.com/us/en/product/troop-cargo-skirt/110986.html?dwvar_110986_color=23144,G4A18M25G18E5,JSHandle:https://assets.aritzia.com/image/upload/swatch/s24_03_a07_110986_23144_sw.jpg,https://assets.aritzia.com/image/upload/medium/s24_03_a07_110986_23144_off_a.jpg
Troop Cargo Skirt,GD FATIGUE,https://www.aritzia.com/us/en/product/troop-cargo-skirt/110986.html?dwvar_110986_color=14292,G4F1T9G21E,JSHandle:https://assets.aritzia.com/image/upload/swatch/f23_03_a07_110986_14292_sw.jpg,https://assets.aritzia.com/image/upload/medium/f23_03_a07_110986_14292_off_a.jpg
Troop Cargo Skirt,GD BLACK,https://www.aritzia.com/us/en/product/troop-cargo-skirt/110986.html?dwvar_110986_color=13317,G4B12A3K,JSHandle:https://assets.aritzia.com/image/upload/swatch/s24_03_a07_110986_13317_sw.jpg,https://assets.aritzia.com/image/upload/medium/s24_03_a07_110986_13317_off_a.jpg
Troop Cargo Skirt,GD SAVILLE,https://www.aritzia.com/us/en/product/troop-cargo-skirt/110986.html?dwvar_110986_color=23411,G4S1V9L12E,JSHandle:https://assets.aritzia.com/image/upload/swatch/f23_03_a07_110986_23411_sw.jpg,https://assets.aritzia.com/image/upload/medium/f23_03_a07_110986_23411_off_a.jpg
Gigi Sweater,SHY PINK,https://www.aritzia.com/us/en/product/gigi-sweater/111433.html?dwvar_111433_color=27371,S8Y16I14K,JSHandle:https://assets.aritzia.com/image/upload/swatch/f23_02_a03_111433_27371_sw.jpg,https://assets.aritzia.com/image/upload/medium/f23_02_a03_111433_27371_off_a.jpg
Gigi Sweater,WICKER TAN,https://www.aritzia.com/us/en/product/gigi-sweater/111433.html?dwvar_111433_color=28150,W9C11E18T1N,JSHandle:https://assets.aritzia.com/image/upload/swatch/f23_02_a03_111433_28150_sw.jpg,https://assets.aritzia.com/image/upload/medium/f23_02_a03_111433_28150_off_a.jpg
The Maya Denim Dress,5 YRS KISS N TELL BL,https://www.aritzia.com/us/en/product/the-maya-denim-dress/116388.html?dwvar_116388_color=29866,Y18S11I19S14T5,JSHandle:https://assets.aritzia.com/image/upload/swatch/s24_10_a08_116388_29866_sw.jpg,https://assets.aritzia.com/image/upload/medium/s24_10_a08_116388_29866_off_a.jpg
The Maya Denim Dress,7 YRS BLEU TABOO,https://www.aritzia.com/us/en/product/the-maya-denim-dress/116388.html?dwvar_116388_color=30426,Y18S2L5U20A2,JSHandle:https://assets.aritzia.com/image/upload/swatch/s24_10_a08_116387_30426_sw.jpg,https://assets.aritzia.com/image/upload/medium/s24_10_a08_116387_30426_off_a.jpg
Astute Pant,FELTED TAUPE,https://www.aritzia.com/us/en/product/astute-pant/117650.html?dwvar_117650_color=28462,F5L20E4T1U16,JSHandle:https://assets.aritzia.com/image/upload/swatch/s24_01_a06_117650_28462_sw.jpg,https://assets.aritzia.com/image/upload/medium/s24_01_a06_117650_28462_off_a.jpg
Astute Pant,BLACK,https://www.aritzia.com/us/en/product/astute-pant/117650.html?dwvar_117650_color=1274,B12A3K,JSHandle:https://assets.aritzia.com/image/upload/swatch/s24_01_a06_117650_1274_sw.jpg,https://assets.aritzia.com/image/upload/medium/s24_01_a06_117650_1274_off_a.jpg
Nopi Satin Dress,LIGHT BIRCH,https://www.aritzia.com/us/en/product/nopi-satin-dress/117054.html?dwvar_117054_color=11420,L9G8T2I18C8,JSHandle:https://assets.aritzia.com/image/upload/swatch/s24_04_a08_117054_11420_sw.jpg,https://assets.aritzia.com/image/upload/medium/s24_04_a08_117054_11420_off_a.jpg
Nopi Satin Dress,BLACK,https://www.aritzia.com/us/en/product/nopi-satin-dress/117054.html?dwvar_117054_color=1274,B12A3K,JSHandle:https://assets.aritzia.com/image/upload/swatch/s24_04_a08_117054_1274_sw.jpg,https://assets.aritzia.com/image/upload/medium/s24_04_a08_117054_1274_off_a.jpg
Josette Pleated Skirt,ADMIRAL,https://www.aritzia.com/us/en/product/josette-pleated-skirt/111448.html?dwvar_111448_color=10230,A4M9R1L,JSHandle:https://assets.aritzia.com/image/upload/swatch/s24_02_a07_111448_10230_sw.jpg,https://assets.aritzia.com/image/upload/medium/s24_02_a07_111448_10230_off_a.jpg
Josette Pleated Skirt,DELILAH R MC BR/HZ GR,https://www.aritzia.com/us/en/product/josette-pleated-skirt/111448.html?dwvar_111448_color=31492,D5L9L1H18M3,JSHandle:https://assets.aritzia.com/image/upload/swatch/s24_02_a07_111448_31492_sw.jpg,https://assets.aritzia.com/image/upload/medium/s24_02_a07_111448_31492_off_a.jpg
Josette Pleated Skirt,BLACK,https://www.aritzia.com/us/en/product/josette-pleated-skirt/111448.html?dwvar_111448_color=1274,B12A3K,JSHandle:https://assets.aritzia.com/image/upload/swatch/s24_02_a07_111448_1274_sw.jpg,https://assets.aritzia.com/image/upload/medium/s24_02_a07_111448_1274_off_a.jpg
