Product Name,Color,Product URL,Unique Color ID,Scraped Available Sizes,Scraped Image URL,Price Before,Price After
LUI COTTON SHIRT,ONE_COLOR,https://thefrankieshop.com/products/lui-cotton-shirt-tangerine?_pos=1&_fid=040ea74ca&_ss=c&variant=39979130814624,O14E3O12O18,"M, L",https://thefrankieshop.com/cdn/shop/products/lui-organic-cotton-shirt-tangerine-shirt-the-frankie-shop-198310.jpg?v=1690364629&width=1380,185 USD,72 USD
VANESSA SWEATPANTS,ONE_COLOR,https://thefrankieshop.com/products/vanessa-sweatpants-vanilla?_pos=2&_fid=040ea74ca&_ss=c&variant=35677481271456,O14E3O12O18,"L",https://thefrankieshop.com/cdn/shop/products/vanessa-sweatpants-in-vanilla-pants-the-frankie-shop-794159.jpg?v=1617095308&width=1380,152 USD,92 USD
LUI ORGANIC COTTON BOXER SHORT,ONE_COLOR,https://thefrankieshop.com/products/lui-organic-cotton-boxer-short-navy?_pos=3&_fid=040ea74ca&_ss=c&variant=42116374200480,O14E3O12O18,"XS",https://thefrankieshop.com/cdn/shop/products/lui-cotton-boxer-short-navy-shorts-the-frankie-shop-438002.jpg?v=1685433088&width=1380,109 USD,77 USD
BEA PLEATED SUIT PANTS,ONE_COLOR,https://thefrankieshop.com/products/bea-pleated-suit-pants-midnight-blue?_pos=4&_fid=040ea74ca&_ss=c&variant=35674732003488,O14E3O12O18,"XS",https://thefrankieshop.com/cdn/shop/products/bea-pleated-suit-pants-in-midnight-blue-pants-the-frankie-shop-952620.jpg?v=1639041946&width=1380,229 USD,104 USD
OPHELIA RIB TANK TOP,ONE_COLOR,https://thefrankieshop.com/products/ophelia-rib-tank-top-navy?_pos=5&_fid=040ea74ca&_ss=c&variant=46112000245920,O14E3O12O18,"XL",https://thefrankieshop.com/cdn/shop/files/OPHELIA-RIB-TANK-TOP-NAVY-DIPTI-7828.jpg?v=1711463476&width=1380,63 USD,45 USD
TILLA BOATNECK TOP,ONE_COLOR,https://thefrankieshop.com/products/tilla-boatneck-top-black-stripe?_pos=6&_fid=040ea74ca&_ss=c&variant=42574802354336,O14E3O12O18,"M/L",https://thefrankieshop.com/cdn/shop/files/Tilla-Boatneck-Top-Black-Stripe-6.jpg?v=1683133217&width=1380,110 USD,54 USD
PAIGE WRAP SKORT,ONE_COLOR,https://thefrankieshop.com/products/paige-wrap-skort-black?_pos=7&_fid=040ea74ca&_ss=c&variant=44831689474208,O14E3O12O18,"XS, M",https://thefrankieshop.com/cdn/shop/files/PAIGE-WRAP-SHORTS-BLACK-Evgenia-31mars6378.jpg?v=1689773904&width=1380,132 USD,93 USD
CLAY BELTED PANTS,ONE_COLOR,https://thefrankieshop.com/products/clay-belted-pants-desert-taupe?_pos=8&_fid=040ea74ca&_ss=c&variant=44568310317216,O14E3O12O18,"M, XL",https://thefrankieshop.com/cdn/shop/files/CLAY-BELTED-PANTS-DESERT-TAUPE-image00034.jpg?v=1684876618&width=1380,125 USD,68 USD
BEA PLEATED SUIT PANTS,ONE_COLOR,https://thefrankieshop.com/products/bea-pleated-suit-pants-grey?_pos=9&_fid=040ea74ca&_ss=c,O14E3O12O18,"XS, S, M, L",https://thefrankieshop.com/cdn/shop/files/BEA-SUIT-PANTS-GREY-MARGARITA-61919.jpg?v=1707744225&width=1380,229 USD,138 USD
KALINE WHITE PANTS,ONE_COLOR,https://thefrankieshop.com/products/kaline-white-pants-navy-stripe?_pos=10&_fid=040ea74ca&_ss=c&variant=44512663142560,O14E3O12O18,"S, L",https://thefrankieshop.com/cdn/shop/files/KALINE-WHITE-PANTS-NAVY-STRIPE-MONICA-4feb-38254_1.jpg?v=1684748743&width=1380,135 USD,95 USD
BOLI WIDE PANTS,ONE_COLOR,https://thefrankieshop.com/products/boli-wide-pants-blue-denim?_pos=11&_fid=040ea74ca&_ss=c&variant=42539052859552,O14E3O12O18,"XL",https://thefrankieshop.com/cdn/shop/products/boli-wide-pants-blue-denim-pants-blossom-241453.jpg?v=1662996460&width=1380,179 USD,101 USD
HARI STRAIGHT JEANS,ONE_COLOR,https://thefrankieshop.com/products/hari-straight-jeans-dark-indigo?_pos=12&_fid=040ea74ca&_ss=c&variant=41871933210784,O14E3O12O18,"L",https://thefrankieshop.com/cdn/shop/products/hari-straight-jeans-dark-indigo-pants-angelo-bianco-282633.jpg?v=1649084151&width=1380,115 USD,81 USD
JAMIE ASYMMETRIC T-SHIRT,ONE_COLOR,https://thefrankieshop.com/products/jamie-asymmetric-t-shirt-black?_pos=13&_fid=040ea74ca&_ss=c&variant=43759022047392,O14E3O12O18,"XS",https://thefrankieshop.com/cdn/shop/products/JamieAsymmetricT-Shirt-Black-Rim-7april-7524_4.jpg?v=1680870105&width=1380,65 USD,37 USD
LUI WIDE STRIPE SHIRT,ONE_COLOR,https://thefrankieshop.com/products/lui-wide-stripe-shirt-pink?_pos=14&_fid=040ea74ca&_ss=c&variant=41825839055008,O14E3O12O18,"XS, M",https://thefrankieshop.com/cdn/shop/files/LUI-WIDE-STRIPES-SHIRT-PINK-MONICA-9juin-1827_1.jpg?v=1686926233&width=1380,155 USD,80 USD
PAMELA TROUSERS,ONE_COLOR,https://thefrankieshop.com/products/pamela-trousers-cornsilk?_pos=15&_fid=040ea74ca&_ss=c&variant=43759156625568,O14E3O12O18,"M",https://thefrankieshop.com/cdn/shop/products/PAMELATROUSERS-CORNSILK-IMG_3009_1.jpg?v=1680688183&width=1380,165 USD,116 USD
NICO CROPPED TEE,ONE_COLOR,https://thefrankieshop.com/products/nico-cropped-tee-white?_pos=16&_fid=040ea74ca&_ss=c&variant=43374264123552,O14E3O12O18,"XS, L",https://thefrankieshop.com/cdn/shop/files/NICO-CROPPED-TEE-WHITE-KRISTIN-13jan-31691_4.jpg?v=1703778085&width=1380,70 USD,25 USD
MALVO LONG PENCIL SKIRT,ONE_COLOR,https://thefrankieshop.com/products/malvo-long-pencil-skirt-grey-pinstripe?_pos=17&_fid=040ea74ca&_ss=c&variant=43775510151328,O14E3O12O18,"XS, M, L",https://thefrankieshop.com/cdn/shop/files/MALVO-LONG-PENCIL-SKIRT-GREY-PINSTRIPE-evgenia-31mars6475.jpg?v=1682694771&width=1380,219 USD,132 USD
LINA ONE SHOULDER LOOSE KNIT DRESS,ONE_COLOR,https://thefrankieshop.com/products/lina-one-shoulder-loose-knit-dress-black?_pos=18&_fid=040ea74ca&_ss=c&variant=42290191761568,O14E3O12O18,"XS, S, M, L",https://thefrankieshop.com/cdn/shop/products/LinaOneShoulderLooseKnitDress-Black-Danielle-15nov-20798_1.jpg?v=1669314303&width=1380,210 USD,126 USD
KALINE LIGHT BLUE PANTS,ONE_COLOR,https://thefrankieshop.com/products/kaline-light-blue-pants-white-stripe?_pos=19&_fid=040ea74ca&_ss=c&variant=44606629183648,O14E3O12O18,"L",https://thefrankieshop.com/cdn/shop/files/KALINE-LIGHT-BLUE-PANTS-WHITE-STRIPE-Monica-4feb-37639_1.jpg?v=1684493698&width=1380,135 USD,95 USD
BEA SUIT PANTS,ONE_COLOR,https://thefrankieshop.com/products/bea-suit-pants-melon?_pos=20&_fid=040ea74ca&_ss=c&variant=41140719485088,O14E3O12O18,"XS, L",https://thefrankieshop.com/cdn/shop/products/bea-suit-pants-melon-pants-the-frankie-shop-623696.jpg?v=1679662651&width=1380,229 USD,80 USD
MAESA CARGO PANTS,ONE_COLOR,https://thefrankieshop.com/products/maesa-cargo-pants-brown?_pos=21&_fid=040ea74ca&_ss=c&variant=42408221671584,O14E3O12O18,"L",https://thefrankieshop.com/cdn/shop/products/maesa-cargo-pants-brown-pants-the-frankie-shop-668959.jpg?v=1661774886&width=1380,225 USD,135 USD
BIANCA ONE SHOULDER LOOSE KNIT TOP,ONE_COLOR,https://thefrankieshop.com/products/bianca-one-shoulder-loose-knit-top-black?_pos=22&_fid=040ea74ca&_ss=c&variant=42290093129888,O14E3O12O18,"XS, M, L",https://thefrankieshop.com/cdn/shop/products/BiancaOneShoulderLooseKnitTop-Black-Danielle-15nov-18864_4.jpg?v=1669662948&width=1380,185 USD,111 USD
GLADYS CARGO PANTS,ONE_COLOR,https://thefrankieshop.com/products/gladys-cargo-pants-white?_pos=23&_fid=040ea74ca&_ss=c&variant=44658662801568,O14E3O12O18,"S, M",https://thefrankieshop.com/cdn/shop/files/Gladys-Cargo-Pants-White-MARIE-14avril-10968_2.jpg?v=1708595972&width=1380,185 USD,130 USD
LAON RIPPED JEANS,ONE_COLOR,https://thefrankieshop.com/products/laon-ripped-jeans-worn-wash?_pos=24&_fid=040ea74ca&_ss=c&variant=41746700468384,O14E3O12O18,"28.0, 30.0",https://thefrankieshop.com/cdn/shop/products/laon-ripped-jeans-worn-wash-pants-blossom-206667.jpg?v=1645449047&width=1380,149 USD,84 USD
ANADA CARGO PANTS,ONE_COLOR,https://thefrankieshop.com/products/anada-cargo-pants-mint?_pos=25&_fid=040ea74ca&_ss=c&variant=41983060607136,O14E3O12O18,"S, L",https://thefrankieshop.com/cdn/shop/products/anada-cargo-pants-mint-pants-the-frankie-shop-182896.jpg?v=1668788472&width=1380,139 USD,51 USD
BONNIE CROC-EFFECT PANTS,ONE_COLOR,https://thefrankieshop.com/products/bonnie-croc-effect-pants-black?_pos=26&_fid=040ea74ca&_ss=c&variant=45573168890016,O14E3O12O18,"M",https://thefrankieshop.com/cdn/shop/files/BONNIE-CROC-EFFECT-PANTS-BLACK-ALEYNA-20230428-FRANKIE_SHOT-4_363.jpg?v=1698771826&width=1380,368 USD,221 USD
TILLA BOATNECK TOP,ONE_COLOR,https://thefrankieshop.com/products/tilla-boatneck-top-white-stripe?_pos=27&_fid=040ea74ca&_ss=c,O14E3O12O18,"XS/S, M/L",https://thefrankieshop.com/cdn/shop/files/TILLA-BOATNECK-TOP-WHITE-STRIPE-KRISTIN-13jan-32507_4.jpg?v=1683133351&width=1380,110 USD,54 USD
CALLIE PANTS,ONE_COLOR,https://thefrankieshop.com/products/callie-pants-white?_pos=28&_fid=040ea74ca&_ss=c&variant=44941134397600,O14E3O12O18,"L",https://thefrankieshop.com/cdn/shop/files/CALLIE-PANTS-WHITE-14.jpg?v=1686642419&width=1380,96 USD,68 USD
ANNABEL ASYMMETRIC MIDI SKIRT,ONE_COLOR,https://thefrankieshop.com/products/annabel-asymmetric-midi-skirt-grey?_pos=29&_fid=040ea74ca&_ss=c&variant=44675598123168,O14E3O12O18,"XS, M, L",https://thefrankieshop.com/cdn/shop/files/Annabel-Asymmetric-Midi-Skirt-Grey-CHARLOTTE-28avril-14724_4.jpg?v=1685109239&width=1380,150 USD,105 USD
BEA STRIPE SUIT PANTS,ONE_COLOR,https://thefrankieshop.com/products/bea-stripe-suit-pants-white-light-blue?_pos=30&_fid=040ea74ca&_ss=c&variant=42119614365856,O14E3O12O18,"XS",https://thefrankieshop.com/cdn/shop/products/bea-stripe-suit-pants-whitelight-blue-pants-the-frankie-shop-956258.jpg?v=1703778500&width=1380,198 USD,96 USD
LUI OXFORD SHIRT,ONE_COLOR,https://thefrankieshop.com/products/lui-oxford-shirt-pale-yellow-black-stripe?_pos=31&_fid=040ea74ca&_ss=c&variant=43374776123552,O14E3O12O18,"XL",https://thefrankieshop.com/cdn/shop/files/LUI-OXFORD-SHIRT-PALE-YELLOW-BLACK-STRIPE-LOANE-12mai-16286_4.jpg?v=1686437552&width=1380,193 USD,116 USD
DIRA TROUSERS,ONE_COLOR,https://thefrankieshop.com/products/dira-trousers-cream?_pos=32&_fid=040ea74ca&_ss=c&variant=42887178584224,O14E3O12O18,"S",https://thefrankieshop.com/cdn/shop/products/Diratrousers-Cream-Tais-4oct-10628_4.jpg?v=1674809840&width=1380,185 USD,104 USD
UMA CROPPED SHIRT,ONE_COLOR,https://thefrankieshop.com/products/uma-cropped-shirt-olive?_pos=33&_fid=040ea74ca&_ss=c&variant=42067759333536,O14E3O12O18,"L",https://thefrankieshop.com/cdn/shop/products/uma-cropped-shirt-olive-shirt-the-frankie-shop-604780.jpg?v=1653074373&width=1380,195 USD,94 USD
CARLEY LONG SKIRT,ONE_COLOR,https://thefrankieshop.com/products/carley-long-skirt-camel?_pos=34&_fid=040ea74ca&_ss=c&variant=46936200183968,O14E3O12O18,"M, L",https://thefrankieshop.com/cdn/shop/files/CARLEY-LONG-SKIRT-CAMEL-SANTANA-20475.jpg?v=1697617900&width=1380,190 USD,133 USD
DELPHI BELTED PANTS,ONE_COLOR,https://thefrankieshop.com/products/delphi-belted-pants-cream?_pos=35&_fid=040ea74ca&_ss=c&variant=45519786115232,O14E3O12O18,"XS, S, L",https://thefrankieshop.com/cdn/shop/files/DELPHI-PANTS-KOREA2.jpg?v=1683795910&width=1380,165 USD,93 USD
WREN DENIM ROMPER,ONE_COLOR,https://thefrankieshop.com/products/wren-denim-romper-raw-wash?_pos=36&_fid=040ea74ca&_ss=c&variant=47463512703136,O14E3O12O18,"S, M",https://thefrankieshop.com/cdn/shop/files/WREN-DENIM-ROMPER-RAW-WASH-ENIOLA-36966.jpg?v=1714121429&width=1380,228 USD,160 USD
LILLY PLEATED TROUSERS,ONE_COLOR,https://thefrankieshop.com/products/lilly-pleated-trousers-black?_pos=37&_fid=040ea74ca&_ss=c&variant=47119259959456,O14E3O12O18,"L",https://thefrankieshop.com/cdn/shop/files/LILLY-PLEATED-TROUSERS-BLACK-JULIA-23754.jpg?v=1697038985&width=1380,195 USD,137 USD
GLENN WIDE PANTS,ONE_COLOR,https://thefrankieshop.com/products/glenn-wide-pants-black?_pos=38&_fid=040ea74ca&_ss=c&variant=42702672429216,O14E3O12O18,"S, M",https://thefrankieshop.com/cdn/shop/products/GlennCroppedCrossoverBlazer-Black-GlennWidePants-Black-Azenor-05Sept-20221065_1_02.jpg?v=1668675680&width=1380,199 USD,112 USD
LAUREN SILKY CARGO PANTS,ONE_COLOR,https://thefrankieshop.com/products/lauren-silky-cargo-pants-cream?_pos=39&_fid=040ea74ca&_ss=c&variant=42316890407072,O14E3O12O18,"L",https://thefrankieshop.com/cdn/shop/products/lauren-silky-cargo-pants-cream-pants-the-frankie-shop-812798.jpg?v=1658159863&width=1380,199 USD,112 USD
XAVIER BERMUDA DENIM SHORTS,ONE_COLOR,https://thefrankieshop.com/products/xavier-bermuda-denim-shorts-raw-wash?_pos=40&_fid=040ea74ca&_ss=c&variant=47463516602528,O14E3O12O18,"S, M, L, XL",https://thefrankieshop.com/cdn/shop/files/XAVIER-BERMUDA-DENIM-SHORTS-RAW-WASH-ENIOLA-37091.jpg?v=1713940541&width=1380,172 USD,121 USD
BLAKE PLEATED DENIM MINI SKIRT,ONE_COLOR,https://thefrankieshop.com/products/blake-pleated-denim-mini-skirt-raw-wash?_pos=41&_fid=040ea74ca&_ss=c,O14E3O12O18,"XS, S, M, L, XL",https://thefrankieshop.com/cdn/shop/files/BLAKE-PLEATED-DENIM-MINI-SKIRT-RAW-WASH-ENIOLA-38587.jpg?v=1713940757&width=1380,148 USD,104 USD
RILEY SEQUINS TEE MINI DRESS,ONE_COLOR,https://thefrankieshop.com/products/riley-sequins-tee-mini-dress-olive?_pos=42&_fid=040ea74ca&_ss=c&variant=43060297760928,O14E3O12O18,"XS, S",https://thefrankieshop.com/cdn/shop/files/Riley-Sequins-Tee-Mini-Dress-Olive-Dipti-21juin-8921_1.jpg?v=1688044727&width=1380,279 USD,81 USD
SASHA WIDE LEG JEANS,ONE_COLOR,https://thefrankieshop.com/products/sasha-wide-leg-jeans-cream-black-stripe?_pos=43&_fid=040ea74ca&_ss=c&variant=47119260188832,O14E3O12O18,"XS, S, M, L",https://thefrankieshop.com/cdn/shop/files/SASHA-WIDE-LEG-JEANS-CREAM-BLACK-STRIPE-ENIOLA-38165.jpg?v=1712047664&width=1380,199 USD,140 USD
TAB CUFF SWEATPANTS,ONE_COLOR,https://thefrankieshop.com/products/tab-cuff-sweatpants-camel?_pos=44&_fid=040ea74ca&_ss=c&variant=37531124990112,O14E3O12O18,"XS, S",https://thefrankieshop.com/cdn/shop/products/tab-cuff-sweatpants-in-camel-pants-the-frankie-shop-876592.jpg?v=1608806653&width=1380,134 USD,44 USD
NOLAN PLEATED DENIM TROUSERS,ONE_COLOR,https://thefrankieshop.com/products/nolan-pleated-denim-trousers-raw-wash?_pos=45&_fid=040ea74ca&_ss=c&variant=47463517716640,O14E3O12O18,"S, M, L",https://thefrankieshop.com/cdn/shop/files/NOLAN-PLEATED-DENIM-TROUSERS-RAW-WASH-ENIOLA-37186.jpg?v=1713940291&width=1380,183 USD,129 USD
SOLANGE KNIT PENCIL SKIRT,ONE_COLOR,https://thefrankieshop.com/products/solange-knit-pencil-skirt-black?_pos=46&_fid=040ea74ca&_ss=c&variant=47643467350176,O14E3O12O18,"S, M, L",https://thefrankieshop.com/cdn/shop/files/SOLANGE-KNIT-PENCIL-SKIRT-BLACK-LETA-202458656.jpg?v=1713195246&width=1380,199 USD,140 USD
DIRA TROUSERS,ONE_COLOR,https://thefrankieshop.com/products/dira-trousers-black?_pos=47&_fid=040ea74ca&_ss=c&variant=42824042610848,O14E3O12O18,"M, L",https://thefrankieshop.com/cdn/shop/products/DiraBlazer-Black-Tais-10942_1_a7500254-0a0e-4435-b4fd-3d7d948ad4e4.jpg?v=1673909852&width=1380,185 USD,104 USD
RILEY SEQUINS TEE MINI DRESS,ONE_COLOR,https://thefrankieshop.com/products/riley-sequins-tee-mini-dress-cream?_pos=48&_fid=040ea74ca&_ss=c&variant=43060318339232,O14E3O12O18,"XS, S, L",https://thefrankieshop.com/cdn/shop/products/RILEYSEQUINSTEEMINIDRESS-CREAM-kristin-31018.jpg?v=1684741683&width=1380,279 USD,81 USD
SIERRA TEE,ONE_COLOR,https://thefrankieshop.com/products/sierra-tee-navy?_pos=49&_fid=040ea74ca&_ss=c&variant=47643477377184,O14E3O12O18,"XS",https://cdn.shopify.com/s/files/1/1527/0993/files/SIERRA-TEE-NAVY-ENIOLA-37431.jpg?v=1713941117&width=1380,124 USD,87 USD
MANI ROLL UP SLEEVE TEE,ONE_COLOR,https://thefrankieshop.com/products/mani-roll-up-sleeve-tee-black-red?_pos=50&_fid=040ea74ca&_ss=c&variant=46936199889056,O14E3O12O18,"M",https://cdn.shopify.com/s/files/1/1527/0993/files/MANI-ROLL-UP-SLEEVE-TEE-BLACK-RED-XIAODAN-1593.jpg?v=1700034924&width=1380,75 USD,45 USD
BRIGHTON FAUX LEATHER JOGGERS,ONE_COLOR,https://thefrankieshop.com/products/brighton-faux-leather-joggers-brown?_pos=51&_fid=040ea74ca&_ss=c&variant=42989776994464,O14E3O12O18,"S",https://cdn.shopify.com/s/files/1/1527/0993/products/UntitledCapture24404.jpg?v=1680772196&width=1380,128 USD,72 USD
SASHA WIDE LEG JEANS,ONE_COLOR,https://thefrankieshop.com/products/sasha-wide-leg-jeans-navy-white-stripe?_pos=52&_fid=040ea74ca&_ss=c,O14E3O12O18,"XS, S, M, L, XL",https://cdn.shopify.com/s/files/1/1527/0993/files/SASHA-WIDE-LEG-JEANS-NAVY-WHITE-STRIPE-ANIPHA-202470641.jpg?v=1713261269&width=1380,199 USD,140 USD
CHELSEA VEST,ONE_COLOR,https://thefrankieshop.com/products/chelsea-vest-white?_pos=53&_fid=040ea74ca&_ss=c&variant=47643474329760,O14E3O12O18,"M",https://cdn.shopify.com/s/files/1/1527/0993/files/CHELSEA-VEST-WHITE-ENIOLA-36477.jpg?v=1717161972&width=1380,212 USD,128 USD
ALLISON LONG SKIRT,ONE_COLOR,https://thefrankieshop.com/products/allison-long-skirt-black?_pos=54&_fid=040ea74ca&_ss=c&variant=47033202311328,O14E3O12O18,"M",https://cdn.shopify.com/s/files/1/1527/0993/files/ALLISON-LONG-SKIRT-BLACK-LUNA-31198.jpg?v=1698054816&width=1380,125 USD,71 USD
RILEY SEQUINS TEE MINI DRESS,ONE_COLOR,https://thefrankieshop.com/products/riley-sequins-tee-mini-dress-bronze?_pos=55&_fid=040ea74ca&_ss=c&variant=43092111425696,O14E3O12O18,"S",https://cdn.shopify.com/s/files/1/1527/0993/files/RILEY-SEQUINS-TEE-MINI-DRESS-BRONZE-Kristin-13jan-30480_1.jpg?v=1684831968&width=1380,279 USD,81 USD
VIVIAN FLUID PLEATED BERMUDA SHORTS,ONE_COLOR,https://thefrankieshop.com/products/vivian-fluid-pleated-bermuda-shorts-beige-pinstripe?_pos=56&_fid=040ea74ca&_ss=c&variant=43375296643232,O14E3O12O18,"XS, L",https://cdn.shopify.com/s/files/1/1527/0993/products/VIVIAN-FLUID-PLEATED-BERMUDA-SHORTS-BEIGE-PINSTRIPE-MAHANY-26jan-35517_1.jpg?v=1686642757&width=1380,198 USD,84 USD
KARINA CROPPED T-SHIRT,ONE_COLOR,https://thefrankieshop.com/products/karina-cropped-t-shirt-red-mustard?_pos=57&_fid=040ea74ca&_ss=c&variant=41982394302624,O14E3O12O18,"XS/S",https://cdn.shopify.com/s/files/1/1527/0993/products/karina-cropped-t-shirt-redmustard-top-the-frankie-shop-110184.jpg?v=1652734718&width=1380,75 USD,27 USD
ELVIRA BELTED SUIT PANTS,ONE_COLOR,https://thefrankieshop.com/products/elvira-belted-suit-pants-pink?_pos=58&_fid=040ea74ca&_ss=c&variant=34800082649248,O14E3O12O18,"S",https://cdn.shopify.com/s/files/1/1527/0993/products/elvira-belted-suit-pants-with-button-tab-cuff-in-pink-pants-blossom-979888.jpg?v=1669123418&width=1380,234 USD,85 USD
ESTE FRINGE BOXER SHORTS,ONE_COLOR,https://thefrankieshop.com/products/este-fringe-boxer-shorts-blue-stripe?_pos=59&_fid=040ea74ca&_ss=c&variant=46529157726368,O14E3O12O18,"S, M",https://cdn.shopify.com/s/files/1/1527/0993/files/ESTE-FRINGE-BOXER-SHORTS-BLUE-STRIPE-KATE-14707.jpg?v=1693349059&width=1380,69 USD,49 USD
MARTINA KNIT SHORTS,ONE_COLOR,https://thefrankieshop.com/products/martina-knit-shorts-black-stripe?_pos=60&_fid=040ea74ca&_ss=c&variant=44816822796448,O14E3O12O18,"L",https://cdn.shopify.com/s/files/1/1527/0993/files/MARTINA-KNIT-SHORTS-BLACKSTRIPE-Mawena-25mai-19152_1.jpg?v=1686211729&width=1380,85 USD,30 USD
RILEY SEQUINS TEE MINI DRESS,ONE_COLOR,https://thefrankieshop.com/products/riley-sequins-tee-mini-dress-sky?_pos=61&_fid=040ea74ca&_ss=c&variant=43060260339872,O14E3O12O18,"XS, S",https://cdn.shopify.com/s/files/1/1527/0993/products/RILEYSEQUINSTEEMINIDRESS-SKY-kristin-30719.jpg?v=1684741903&width=1380,279 USD,72 USD
GIA CARGO PANTS,ONE_COLOR,https://thefrankieshop.com/products/gia-cargo-pants-khaki?_pos=62&_fid=040ea74ca&_ss=c&variant=42119779188896,O14E3O12O18,"XL",https://cdn.shopify.com/s/files/1/1527/0993/products/gia-cargo-pants-khaki-pants-the-frankie-shop-104108.jpg?v=1718282084&width=1380,288 USD,130 USD
JONES BOXY SEQUINS TEE,ONE_COLOR,https://thefrankieshop.com/products/jones-boxy-sequins-tee-sky?_pos=63&_fid=040ea74ca&_ss=c&variant=43092433961120,O14E3O12O18,"XS",https://cdn.shopify.com/s/files/1/1527/0993/products/JONESBOXYSEQUINSTEE-SKY-kristin-31893.jpg?v=1684741618&width=1380,235 USD,50 USD
LAUREL SLEEVELESS MAXI DRESS,ONE_COLOR,https://thefrankieshop.com/products/laurel-sleeveless-maxi-dress-white-pinstripe?_pos=64&_fid=040ea74ca&_ss=c&variant=45764334125216,O14E3O12O18,"S",https://cdn.shopify.com/s/files/1/1527/0993/files/LAUREL-SLEEVELESS-MAXI-DRESS-GREY-STRIPE-MAWENA-19111.jpg?v=1689950120&width=1380,119 USD,72 USD
MAEVE PINTUCK TROUSERS,ONE_COLOR,https://thefrankieshop.com/products/maeve-pintuck-trousers-cream?_pos=65&_fid=040ea74ca&_ss=c&variant=45790423548064,O14E3O12O18,"XS, S",https://cdn.shopify.com/s/files/1/1527/0993/files/MAEVE-PINTUCK-TROUSERS-CREAM-LOANE-12mai-16726_4_b414e70a-3a40-4c3b-9539-48330f709c82.jpg?v=1699627641&width=1380,155 USD,93 USD
DERYN BOMBER,ONE_COLOR,https://thefrankieshop.com/products/deryn-bomber-black?_pos=66&_fid=040ea74ca&_ss=c&variant=46936198676640,O14E3O12O18,"M, L",https://cdn.shopify.com/s/files/1/1527/0993/files/DERYN-BOMBER-BLACK-MARIE-26481.jpg?v=1695592084&width=1380,195 USD,117 USD
STINE PINTUCK PANTS,ONE_COLOR,https://thefrankieshop.com/products/stine-pintuck-pants-grey?_pos=67&_fid=040ea74ca&_ss=c,O14E3O12O18,"S, M, L",https://cdn.shopify.com/s/files/1/1527/0993/products/StinePintuckPants-Grey18893_1.jpg?v=1702547790&width=1380,199 USD,120 USD
JINAN SILKY MINI SKIRT,ONE_COLOR,https://thefrankieshop.com/products/jinan-silky-mini-skirt-silver?_pos=68&_fid=040ea74ca&_ss=c&variant=44261610029216,O14E3O12O18,"S",https://cdn.shopify.com/s/files/1/1527/0993/files/JINAN-SILKY-MINI-SKIRT-SILVER-ALEYNA-20230428-FRANKIE_SHOT-12_839.jpg?v=1683188933&width=1380,93 USD,53 USD
GLORIA SEQUINS ONE SHOULDER DRESS,ONE_COLOR,https://thefrankieshop.com/products/gloria-sequins-one-shoulder-dress-olive?_pos=69&_fid=040ea74ca&_ss=c&variant=43060091093152,O14E3O12O18,"XS",https://cdn.shopify.com/s/files/1/1527/0993/files/GLORIA-SEQUINS-ONE-SHOULDER-DRESS-OLIVE-DIPTI-21JUIN-8950_4.jpg?v=1688044862&width=1380,230 USD,49 USD
JUNO KNIT LOUNGE SHORTS,ONE_COLOR,https://thefrankieshop.com/products/juno-knit-lounge-shorts-terra-cotta?_pos=70&_fid=040ea74ca&_ss=c&variant=39425694105760,O14E3O12O18,"M",https://cdn.shopify.com/s/files/1/1527/0993/products/juno-knit-lounge-shorts-terra-cotta-shorts-the-frankie-shop-691572.jpg?v=1615888012&width=1380,119 USD,44 USD
JADE KNIT BRALETTE,ONE_COLOR,https://thefrankieshop.com/products/jade-knit-bralette-white-stripe?_pos=71&_fid=040ea74ca&_ss=c&variant=45017704235168,O14E3O12O18,"S, L",https://cdn.shopify.com/s/files/1/1527/0993/files/JADE-KNIT-BRALETTE-WHITE-STRIPE-MONICA-2797.jpg?v=1686918404&width=1380,79 USD,45 USD
SASHA WIDE LEG JEANS,ONE_COLOR,https://thefrankieshop.com/products/sasha-wide-leg-jeans-blue-white-stripe?_pos=72&_fid=040ea74ca&_ss=c&variant=47119258484896,O14E3O12O18,"XS, M, L",https://cdn.shopify.com/s/files/1/1527/0993/files/SASHA-WIDE-LEG-JEANS-BLUE-WHITE-STRIPE-ANIPHA-202470608_1bc9ef98-3263-419c-9a5c-e3eae0aac5a4.jpg?v=1713344170&width=1380,199 USD,140 USD
TARA LINEN PANTS,ONE_COLOR,https://thefrankieshop.com/products/tara-linen-pants-off-white?_pos=73&_fid=040ea74ca&_ss=c&variant=42285921796256,O14E3O12O18,"XS",https://cdn.shopify.com/s/files/1/1527/0993/products/tara-linen-pants-off-white-pants-blossom-268497.jpg?v=1654689203&width=1380,245 USD,172 USD
ANASTASIA SLIT MIDI SKIRT,ONE_COLOR,https://thefrankieshop.com/products/anastasia-slit-midi-skirt-sky?_pos=74&_fid=040ea74ca&_ss=c&variant=45421109280928,O14E3O12O18,"M, L",https://cdn.shopify.com/s/files/1/1527/0993/files/ANASTASIA-SLIT-MIDI-SKIRT-SKY-7635.jpg?v=1689089488&width=1380,169 USD,102 USD
JEANNE PADDED SHIRT,ONE_COLOR,https://thefrankieshop.com/products/jeanne-padded-shirt-navy-white-stripe?_pos=75&_fid=040ea74ca&_ss=c,O14E3O12O18,"S, M, L",https://cdn.shopify.com/s/files/1/1527/0993/files/JEANNE-PADDED-SHIRT-NAVY-WHITE-STRIPE-LUNA-30577_d7ad2678-6392-47c9-ae34-0805c0b92e5f.jpg?v=1698722621&width=1380,127 USD,72 USD
AMARA TROUSERS,ONE_COLOR,https://thefrankieshop.com/products/amara-trousers-khaki?_pos=76&_fid=040ea74ca&_ss=c&variant=47463517225120,O14E3O12O18,"L",https://cdn.shopify.com/s/files/1/1527/0993/files/AMARA-TROUSERS-KHAKI-NABILA-34894.jpg?v=1716804639&width=1380,149 USD,105 USD
AIDEN TWILL BLAZER,ONE_COLOR,https://thefrankieshop.com/products/aiden-twill-blazer-light-beige-black-pinstripe?_pos=77&_fid=040ea74ca&_ss=c&variant=47463518470304,O14E3O12O18,"S, M, L",https://cdn.shopify.com/s/files/1/1527/0993/files/AIDEN-TWILL-BLAZER-LIGHT-BEIGE-BLACK-PINSTRIPE-ENIOLA-38361.jpg?v=1711700713&width=1380,372 USD,224 USD
SIERRA WIDE LEG TROUSERS,ONE_COLOR,https://thefrankieshop.com/products/sierra-wide-leg-trousers-navy?_pos=78&_fid=040ea74ca&_ss=c&variant=47643475574944,O14E3O12O18,"S, M, L, XL",https://cdn.shopify.com/s/files/1/1527/0993/files/SIERRA-WIDE-LEG-TROUSERS-NAVY-ENIOLA-37422.jpg?v=1713941068&width=1380,249 USD,175 USD
DANY CORDUROY MINI SKIRT,ONE_COLOR,https://thefrankieshop.com/products/dany-corduroy-mini-skirt-cream?_pos=79&_fid=040ea74ca&_ss=c&variant=42790823002272,O14E3O12O18,"XS",https://cdn.shopify.com/s/files/1/1527/0993/products/DanyCorduroyBlazer-Cream-DanyCorduroyMiniSkirt-Cream-Keyla-27oct-17251_4.jpg?v=1672823101&width=1380,120 USD,61 USD
TANSY PLEATED TWILL TROUSERS,ONE_COLOR,https://thefrankieshop.com/products/tansy-pleated-twill-trousers-camel?_pos=80&_fid=040ea74ca&_ss=c&variant=43375469133984,O14E3O12O18,"XS, S, M, XL",https://cdn.shopify.com/s/files/1/1527/0993/files/TANSY-PLEATED-TWILL-TROUSERS-CAMEL-KRISTIN-33050.jpg?v=1690962220&width=1380,391 USD,121 USD
GLORIA SEQUINS ONE SHOULDER DRESS,ONE_COLOR,https://thefrankieshop.com/products/gloria-sequins-one-shoulder-dress-cream?_pos=81&_fid=040ea74ca&_ss=c&variant=43060215775392,O14E3O12O18,"XS, S, M",https://cdn.shopify.com/s/files/1/1527/0993/products/GLORIASEQUINSONESHOULDERDRESS-CREAM-kristin-31183.jpg?v=1684742893&width=1380,230 USD,74 USD
PERNILLE FAUX LEATHER PANTS,ONE_COLOR,https://thefrankieshop.com/products/pernille-faux-leather-pants-bottle-green?_pos=82&_fid=040ea74ca&_ss=c&variant=42732478759072,O14E3O12O18,"XL",https://cdn.shopify.com/s/files/1/1527/0993/products/20220909_FRANKIE_SHOT-33_1777-1.jpg?v=1667252424&width=1380,340 USD,123 USD
WALKER TWILL TROUSERS,ONE_COLOR,https://thefrankieshop.com/products/walker-twill-trousers-navy?_pos=83&_fid=040ea74ca&_ss=c&variant=41472058622112,O14E3O12O18,"L",https://cdn.shopify.com/s/files/1/1527/0993/products/walker-twill-trousers-navy-pants-angelo-311263.jpg?v=1639495835&width=1380,138 USD,67 USD
GEORGINA WOOL BLEND PANTS,ONE_COLOR,https://thefrankieshop.com/products/georgina-wool-blend-pants-navy?_pos=84&_fid=040ea74ca&_ss=c&variant=42044096774304,O14E3O12O18,"XS",https://cdn.shopify.com/s/files/1/1527/0993/products/georgina-wool-blend-pants-navy-pants-blossom-349697.jpg?v=1651476534&width=1380,219 USD,112 USD
DANA MIDI SKIRT,ONE_COLOR,https://thefrankieshop.com/products/dana-midi-skirt-grey?_pos=85&_fid=040ea74ca&_ss=c&variant=47463521026208,O14E3O12O18,"L",https://cdn.shopify.com/s/files/1/1527/0993/files/DANA-COTTON-MIDI-SKIRT-GREY-LUNA-31333.jpg?v=1720428657&width=1380,105 USD,74 USD
ALICE TROUSERS,ONE_COLOR,https://thefrankieshop.com/products/alice-trousers-navy?_pos=86&_fid=040ea74ca&_ss=c&variant=42779120205984,O14E3O12O18,"XS",https://cdn.shopify.com/s/files/1/1527/0993/products/AliceBeltedBlazer-Navy-AliceTrousers-Navy-SHOT18_979_1_5a7d939b-0464-41a7-9159-bcfb865e363b.jpg?v=1696956562&width=1380,162 USD,92 USD
LUI OXFORD BOXER SHORTS,ONE_COLOR,https://thefrankieshop.com/products/lui-oxford-boxer-shorts-light-blue-black-stripe?_pos=87&_fid=040ea74ca&_ss=c&variant=43374807253152,O14E3O12O18,"XS",https://cdn.shopify.com/s/files/1/1527/0993/products/LUI-OXFORD-BOXER-SHORTS-LIGHT-BLUE_BLACK-STRIPE-KRISTIN-32176.jpg?v=1686642653&width=1380,134 USD,81 USD
ABIGAIL SIDE SLIT MAXI SKIRT,ONE_COLOR,https://thefrankieshop.com/products/abigail-side-slit-maxi-skirt-navy?_pos=88&_fid=040ea74ca&_ss=c&variant=46936202346656,O14E3O12O18,"M, L",https://cdn.shopify.com/s/files/1/1527/0993/files/ABIGAIL-SIDE-SLIT-MAXI-SKIRT-NAVY-MARIE-28883.jpg?v=1717708380&width=1380,115 USD,69 USD
CORINNE BELTED PANTS,ONE_COLOR,https://thefrankieshop.com/products/corinne-belted-pants-cream?_pos=89&_fid=040ea74ca&_ss=c&variant=48981254439072,O14E3O12O18,"M, L",https://cdn.shopify.com/s/files/1/1527/0993/files/CORINNE-BELTED-PANTS-CREAM-ANIPHA-202469115.jpg?v=1712155235&width=1380,208 USD,125 USD
KIRA WIDE PANTS,ONE_COLOR,https://thefrankieshop.com/products/kira-wide-pants-beige?_pos=90&_fid=040ea74ca&_ss=c&variant=42906799407264,O14E3O12O18,"M",https://cdn.shopify.com/s/files/1/1527/0993/products/KiraWidePants-Beige-Danielle-20654_1.jpg?v=1672826659&width=1380,249 USD,175 USD
ORION FAUX LEATHER BLAZER,ONE_COLOR,https://thefrankieshop.com/products/orion-faux-leather-blazer-cream?_pos=91&_fid=040ea74ca&_ss=c&variant=47119260057760,O14E3O12O18,"M, L",https://cdn.shopify.com/s/files/1/1527/0993/files/ORION-FAUX-LEATHER-BLAZER-CREAM-SANTANA-19286.jpg?v=1697618043&width=1380,295 USD,207 USD
ANASTASIA TUBE TOP,ONE_COLOR,https://thefrankieshop.com/products/anastasia-tube-top-sky?_pos=92&_fid=040ea74ca&_ss=c&variant=45421108854944,O14E3O12O18,"M/L",https://cdn.shopify.com/s/files/1/1527/0993/files/ANASTASIA-TUBE-TOP-SKY-7647.jpg?v=1689091444&width=1380,99 USD,60 USD
BONNIE CROC-EFFECT PANTS,ONE_COLOR,https://thefrankieshop.com/products/bonnie-croc-effect-pants-blue?_pos=93&_fid=040ea74ca&_ss=c&variant=45573171511456,O14E3O12O18,"S, M",https://cdn.shopify.com/s/files/1/1527/0993/files/BONNIE-CROC-EFFECT-PANTS-BLUE-SHOT-25-XIAODAN-1039.jpg?v=1702306026&width=1380,368 USD,221 USD
CAREY ROUND COLLAR BLAZER,ONE_COLOR,https://thefrankieshop.com/products/carey-round-collar-blazer-brown?_pos=94&_fid=040ea74ca&_ss=c&variant=46934796042400,O14E3O12O18,"XS/S",https://cdn.shopify.com/s/files/1/1527/0993/files/CAREY-ROUND-COLLAR-BLAZER-BROWN-MARIE-17786.jpg?v=1694608565&width=1380,285 USD,171 USD
EMILY CARGO PANTS,ONE_COLOR,https://thefrankieshop.com/products/emily-cargo-pants-white?_pos=95&_fid=040ea74ca&_ss=c&variant=45764338221216,O14E3O12O18,"S, L",https://cdn.shopify.com/s/files/1/1527/0993/files/EMILY-CARGO-PANTS-WHITE-DIPTI-8741.jpg?v=1691584725&width=1380,264 USD,148 USD
CHESTER MINI SLIT SKIRT,ONE_COLOR,https://thefrankieshop.com/products/chester-mini-slit-skirt-grey?_pos=96&_fid=040ea74ca&_ss=c&variant=43038899732640,O14E3O12O18,"M, L, XL",https://cdn.shopify.com/s/files/1/1527/0993/products/Palmirashirt-black-ChesterMiniSlitskirt-grey-Mahany-26jan-34627_4.jpg?v=1680611676&width=1380,99 USD,60 USD
XAVIER BERMUDA DENIM SHORTS,ONE_COLOR,https://thefrankieshop.com/products/xavier-bermuda-denim-shorts-white?_pos=97&_fid=bd7208fa1&_ss=c&variant=47463517094048,O14E3O12O18,"S, M",https://cdn.shopify.com/s/files/1/1527/0993/files/XAVIER-BERMUDA-DENIM-SHORTS-WHITE-ENIOLA-38712.jpg?v=1714468635&width=1380,172 USD,121 USD
MERIT FRONT SLIT PANTS,ONE_COLOR,https://thefrankieshop.com/products/merit-front-slit-pants-black?_pos=98&_fid=bd7208fa1&_ss=c&variant=49504029671584,O14E3O12O18,"S, M, L",https://cdn.shopify.com/s/files/1/1527/0993/files/MERIT-FRONT-SLIP-PANTS-BLACK-SANTANA-20859.jpg?v=1716146852&width=1380,145 USD,102 USD
PERNILLE FAUX LEATHER PANTS,ONE_COLOR,https://thefrankieshop.com/products/pernille-faux-leather-pants-burgundy?_pos=99&_fid=bd7208fa1&_ss=c&variant=42732476629152,O14E3O12O18,"XL",https://cdn.shopify.com/s/files/1/1527/0993/products/pernille-faux-leather-pants-burgundy-pants-the-frankie-shop-193044_4b468a1c-8954-43c6-8e4b-e9b950d162b8.jpg?v=1719830545&width=1380,340 USD,123 USD
MERIT FRONT SLIT PANTS,ONE_COLOR,https://thefrankieshop.com/products/merit-front-slit-pants-dark-navy?_pos=100&_fid=bd7208fa1&_ss=c&variant=49504032587936,O14E3O12O18,"S, M, L, XL",https://cdn.shopify.com/s/files/1/1527/0993/files/MERIT-FRONT-SLIT-PANTS-DARK-NAVY-SANTANA-20838.jpg?v=1716146942&width=1380,145 USD,102 USD
ESSIE WOOL CARGO PANTS,ONE_COLOR,https://thefrankieshop.com/products/essie-wool-cargo-pants-light-grey-plaid?_pos=101&_fid=bd7208fa1&_ss=c&variant=46973873848480,O14E3O12O18,"S, L",https://cdn.shopify.com/s/files/1/1527/0993/files/ESSIE-WOOL-CARGO-PANTS-LIGHT-GREY-PLAID-CYNTHIA-39275.jpg?v=1698631938&width=1380,234 USD,164 USD
CORINNE BELTED PANTS,ONE_COLOR,https://thefrankieshop.com/products/corinne-belted-pants-charcoal?_pos=102&_fid=bd7208fa1&_ss=c&variant=48981254013088,O14E3O12O18,"XS, S, M, L",https://cdn.shopify.com/s/files/1/1527/0993/files/CORINNE-BELTED-PANTS-CHARCOAL-TIANA-63629.jpg?v=1710266819&width=1380,208 USD,125 USD
ABI CROPPED KNIT TOP,ONE_COLOR,https://thefrankieshop.com/products/abi-cropped-knit-top-charcoal?_pos=103&_fid=bd7208fa1&_ss=c,O14E3O12O18,"XS/S, M/L",https://cdn.shopify.com/s/files/1/1527/0993/files/ABI-CROPPED-KNIT-TOP-CHARCOAL-LOANE-12mai-16948_4.jpg?v=1684311403&width=1380,139 USD,84 USD
ROSIE KNIT DRESS,ONE_COLOR,https://thefrankieshop.com/products/rosie-knit-dress-camel?_pos=104&_fid=bd7208fa1&_ss=c&variant=44626311544992,O14E3O12O18,"M/L",https://cdn.shopify.com/s/files/1/1527/0993/files/ROSIE-KNIT-DRESS-CAMEL-Charlotte-28avril-14372_2.jpg?v=1686932629&width=1380,148 USD,89 USD
ESSIE WOOL VEST,ONE_COLOR,https://thefrankieshop.com/products/essie-wool-vest-light-grey-plaid?_pos=105&_fid=bd7208fa1&_ss=c&variant=46973875224736,O14E3O12O18,"L",https://cdn.shopify.com/s/files/1/1527/0993/files/ESSIE-WOOL-VEST-LIGHT-GREY-PLAID-CYNTHIA-39324.jpg?v=1698632120&width=1380,209 USD,147 USD
KATE DENIM MINI SHORTS,ONE_COLOR,https://thefrankieshop.com/products/kate-denim-mini-shorts-raw-wash?_pos=106&_fid=bd7208fa1&_ss=c&variant=47463515914400,O14E3O12O18,"M, L, XL",https://cdn.shopify.com/s/files/1/1527/0993/files/KATE-DENIM-MINI-SHORTS-RAW-WASH-ENIOLA-37247.jpg?v=1719486154&width=1380,125 USD,88 USD
EVERLY SATIN VEST,ONE_COLOR,https://thefrankieshop.com/products/everly-satin-vest-black?_pos=107&_fid=bd7208fa1&_ss=c&variant=47463520862368,O14E3O12O18,"XS/S",https://cdn.shopify.com/s/files/1/1527/0993/files/EVERLY-SATIN-VEST-BLACK-IREEN-2257.jpg?v=1701962748&width=1380,235 USD,188 USD
NAIROBI MINI SKIRT,ONE_COLOR,https://thefrankieshop.com/products/nairobi-mini-skirt-navy-python?_pos=108&_fid=bd7208fa1&_ss=c&variant=43115056824480,O14E3O12O18,"XL",https://cdn.shopify.com/s/files/1/1527/0993/products/NairobiNavyPyhtonSkirtMahany34565.jpg?v=1678293547&width=1380,95 USD,49 USD
DEAN PADDED SHIRT JACKET,ONE_COLOR,https://thefrankieshop.com/products/dean-padded-shirt-jacket-mastic?_pos=109&_fid=bd7208fa1&_ss=c&variant=46805763948704,O14E3O12O18,"XS, S, M",https://cdn.shopify.com/s/files/1/1527/0993/products/MainePaddedShirtJacket-Beige-IMG_7673.jpg?v=1694331216&width=1380,385 USD,139 USD
CALI CROCHET DRESS,ONE_COLOR,https://thefrankieshop.com/products/cali-crochet-dress-black?_pos=110&_fid=bd7208fa1&_ss=c&variant=46109154508960,O14E3O12O18,"M/L",https://cdn.shopify.com/s/files/1/1527/0993/files/CALI-CROCHET-DRESS-BLACK-HANNAH-14100.jpg?v=1691565293&width=1380,119 USD,72 USD
IRENE MAXI SKIRT,ONE_COLOR,https://thefrankieshop.com/products/irene-maxi-skirt-slate-green?_pos=111&_fid=bd7208fa1&_ss=c&variant=45421106692256,O14E3O12O18,"XS",https://cdn.shopify.com/s/files/1/1527/0993/files/IRENE-MAXI-SKIRT-SLATE-GREEN-8187_d5d60901-6571-4670-85c5-d51445334fab.jpg?v=1689161002&width=1380,145 USD,102 USD
NAOMIE STRING PANTS,ONE_COLOR,https://thefrankieshop.com/products/naomie-string-pants-latte?_pos=112&_fid=bd7208fa1&_ss=c&variant=42665152086176,O14E3O12O18,"S",https://cdn.shopify.com/s/files/1/1527/0993/products/NaomieStringPants-Latte-esin-14048_1_597fdb10-5bc5-4a69-b451-2437fe12bced.jpg?v=1667475400&width=1380,210 USD,89 USD
ALLISON DOUBLE BREASTED BLAZER,ONE_COLOR,https://thefrankieshop.com/products/allison-double-breasted-blazer-brown?_pos=113&_fid=bd7208fa1&_ss=c&variant=47033200804000,O14E3O12O18,"M",https://cdn.shopify.com/s/files/1/1527/0993/files/ALLISON-DOUBLE-BREASTED-BLAZER-BROWN-JULIA-22832.jpg?v=1714154609&width=1380,255 USD,144 USD
LUCE PLEATED PANTS,ONE_COLOR,https://thefrankieshop.com/products/luce-pleated-pants-ginger?_pos=114&_fid=bd7208fa1&_ss=c&variant=42571437441184,O14E3O12O18,"XS",https://cdn.shopify.com/s/files/1/1527/0993/products/luce-pleated-pants-ginger-pants-choi-470344.jpg?v=1663744208&width=1380,135 USD,69 USD
RAISA KNIT TOP,ONE_COLOR,https://thefrankieshop.com/products/raisa-knit-top-custard?_pos=115&_fid=bd7208fa1&_ss=c&variant=40890814202016,O14E3O12O18,"L",https://cdn.shopify.com/s/files/1/1527/0993/products/raisa-knit-top-custard-top-la-terre-178665.jpg?v=1631550759&width=1380,99 USD,36 USD
NARCI CARGO PANTS,ONE_COLOR,https://thefrankieshop.com/products/narci-cargo-pants-brown?_pos=116&_fid=bd7208fa1&_ss=c&variant=47389811245216,O14E3O12O18,"L",https://cdn.shopify.com/s/files/1/1527/0993/files/NARCI-CARGO-PANTS-BROWN-MARIE-27807.jpg?v=1698633258&width=1380,175 USD,105 USD
AUSTEN BERMUDA SHORTS,ONE_COLOR,https://thefrankieshop.com/products/austen-bermuda-shorts-light-peach?_pos=117&_fid=bd7208fa1&_ss=c,O14E3O12O18,"XS, S, M, L",https://cdn.shopify.com/s/files/1/1527/0993/files/AUSTEN-BERMUDA-SHORTS-LIGHT-PEACH-SANTANA-20551.jpg?v=1714468654&width=1380,173 USD,122 USD
HADRIEN ITALIAN RECYCLED CASHMERE SWEATER,ONE_COLOR,https://thefrankieshop.com/products/hadrien-recycled-cashmere-sweater-taupe?_pos=118&_fid=bd7208fa1&_ss=c&variant=41580252299424,O14E3O12O18,"XS/S",https://cdn.shopify.com/s/files/1/1527/0993/products/hadrien-italian-recycled-cashmere-sweater-taupe-sweater-the-frankie-shop-831343.jpg?v=1668765345&width=1380,395 USD,159 USD
AIDEN TWILL BLAZER,ONE_COLOR,https://thefrankieshop.com/products/aiden-twill-blazer-navy-white-pinstripe?_pos=119&_fid=bd7208fa1&_ss=c&variant=47463515324576,O14E3O12O18,"S, M",https://cdn.shopify.com/s/files/1/1527/0993/files/AIDEN-TWILL-BLAZER-NAVY-WHITE-PINSTRIPE-ENIOLA-38002.jpg?v=1711644913&width=1380,372 USD,224 USD
EMY BLAZER,ONE_COLOR,https://thefrankieshop.com/products/emy-blazer-beige?_pos=120&_fid=bd7208fa1&_ss=c&variant=49733389910176,O14E3O12O18,"XS/S",https://cdn.shopify.com/s/files/1/1527/0993/files/EMY-BLAZER-BEIGE-ANIPHA-202469154.jpg?v=1715077037&width=1380,310 USD,217 USD
MAYA TROUSERS,ONE_COLOR,https://thefrankieshop.com/products/maya-trousers-cream?_pos=121&_fid=bd7208fa1&_ss=c&variant=46529160315040,O14E3O12O18,"S, M, L",https://cdn.shopify.com/s/files/1/1527/0993/files/MAYA-TROUSERS-CREAM-SANTANA-19900.jpg?v=1693996702&width=1380,159 USD,90 USD
SOLANGE KNIT PENCIL SKIRT,ONE_COLOR,https://thefrankieshop.com/products/solange-knit-pencil-skirt-mastic?_pos=122&_fid=bd7208fa1&_ss=c&variant=47643467645088,O14E3O12O18,"M",https://cdn.shopify.com/s/files/1/1527/0993/files/SOLANGE-KNIT-PENCIL-SKIRT-WHITE-MARGARITA-60176.jpg?v=1709678217&width=1380,199 USD,140 USD
CHARLOTTE TROUSERS,ONE_COLOR,https://thefrankieshop.com/products/charlotte-trousers-beige?_pos=123&_fid=bd7208fa1&_ss=c&variant=46529158480032,O14E3O12O18,"M, L",https://cdn.shopify.com/s/files/1/1527/0993/files/CHARLOTTE-TROUSERS-BEIGE-27.jpg?v=1705923595&width=1380,139 USD,84 USD
STINE BLAZER,ONE_COLOR,https://thefrankieshop.com/products/stine-blazer-grey?_pos=124&_fid=bd7208fa1&_ss=c&variant=42864589865120,O14E3O12O18,"M/L",https://cdn.shopify.com/s/files/1/1527/0993/products/StineBlazer-Grey-StinePintuckPants-Grey-Danielle-18822_1.jpg?v=1705597269&width=1380,369 USD,222 USD
ORION FAUX LEATHER MIDI SKIRT,ONE_COLOR,https://thefrankieshop.com/products/orion-faux-leather-midi-skirt-cream?_pos=125&_fid=bd7208fa1&_ss=c&variant=47119259992224,O14E3O12O18,"M, L",https://cdn.shopify.com/s/files/1/1527/0993/files/ORION-FAUX-LEATHER-BLAZER-CREAM-SANTANA-19257_b52892d0-6f79-4941-b557-a7de788aebd6.jpg?v=1697618268&width=1380,178 USD,125 USD
MIRANDA LONG PENCIL SKIRT,ONE_COLOR,https://thefrankieshop.com/products/miranda-long-pencil-skirt-charcoal?_pos=126&_fid=bd7208fa1&_ss=c&variant=48491115544736,O14E3O12O18,"S, M",https://cdn.shopify.com/s/files/1/1527/0993/files/MIRANDA-LONG-PENCIL-SKIRT-CHARCOAL-NABILA-34240.jpg?v=1706107299&width=1380,115 USD,69 USD
ANYA OVERSIZED COAT,ONE_COLOR,https://thefrankieshop.com/products/anya-oversized-coat-camel?_pos=127&_fid=bd7208fa1&_ss=c&variant=42748037365920,O14E3O12O18,"M/L",https://cdn.shopify.com/s/files/1/1527/0993/products/AnyaOversizedCoat-Camel-Danielle-15nov-19821_1.jpg?v=1669634917&width=1380,585 USD,410 USD
LOULOU STUDIO GALLINARA TURTLENECK,ONE_COLOR,https://thefrankieshop.com/products/loulou-studio-gallinara-knitted-turtleneck-ivory?_pos=128&_fid=bd7208fa1&_ss=c&variant=40963306193056,O14E3O12O18,"L",https://cdn.shopify.com/s/files/1/1527/0993/products/loulou-studio-gallinara-turtleneck-ivory-top-loulou-studio-268852.jpg?v=1704214389&width=1380,85 USD,41 USD
EFFIE PLEATED PANTS,ONE_COLOR,https://thefrankieshop.com/products/effie-pleated-pants-khaki?_pos=129&_fid=bd7208fa1&_ss=c&variant=45150737268896,O14E3O12O18,"S",https://cdn.shopify.com/s/files/1/1527/0993/files/EFFIE-PLEATED-PANTS-KHAKI-CHARLOTTE-13810.jpg?v=1690958384&width=1380,199 USD,120 USD
LOW CLASSIC JERSEY SLEEVELESS TOP,ONE_COLOR,https://thefrankieshop.com/products/low-classic-jersey-sleeveless-top-ivory?_pos=130&_fid=bd7208fa1&_ss=c&variant=43444188741792,O14E3O12O18,"M",https://cdn.shopify.com/s/files/1/1527/0993/products/LOW-CLASSIC-JERSEY-SLEEVELESS-TOP-IVORY-ANIA-40108.jpg?v=1681896566&width=1380,95 USD,67 USD
BLAKE MINI PLEATED SKIRT,ONE_COLOR,https://thefrankieshop.com/products/blake-mini-pleated-skirt-khaki?_pos=131&_fid=bd7208fa1&_ss=c&variant=49504033570976,O14E3O12O18,"S, M, L",https://cdn.shopify.com/s/files/1/1527/0993/files/BLAKE-PLEATED-MINI-SKIRT-KHAKI-NATY-0533.jpg?v=1713171148&width=1380,228 USD,137 USD
LAYTON WOOL SUIT PANTS,ONE_COLOR,https://thefrankieshop.com/products/layton-wool-suit-pants-navy?_pos=132&_fid=bd7208fa1&_ss=c&variant=42691067642016,O14E3O12O18,"L",https://cdn.shopify.com/s/files/1/1527/0993/products/LaytonWoolSuitPants-Navy-Tais-4oct-11354_1.jpg?v=1669132639&width=1380,250 USD,96 USD
ISLE LINEN MINI SKIRT,ONE_COLOR,https://thefrankieshop.com/products/isle-linen-mini-skirt-light-blue?_pos=133&_fid=bd7208fa1&_ss=c&variant=42254436860064,O14E3O12O18,"L",https://cdn.shopify.com/s/files/1/1527/0993/products/isle-linen-mini-skirt-light-blue-skirts-the-frankie-shop-942896.jpg?v=1663073918&width=1380,114 USD,56 USD
ISLA TAILORED TROUSERS,ONE_COLOR,https://thefrankieshop.com/products/isla-tailored-trousers-natural?_pos=134&_fid=bd7208fa1&_ss=c&variant=39816194654368,O14E3O12O18,"L",https://cdn.shopify.com/s/files/1/1527/0993/products/isla-tailored-trousers-natural-pants-the-frankie-shop-578689.jpg?v=1663072118&width=1380,229 USD,111 USD
CHRISSIE FAUX LEATHER SHIRT,ONE_COLOR,https://thefrankieshop.com/products/chrissie-faux-leather-shirt-grey?_pos=135&_fid=bd7208fa1&_ss=c&variant=47643465121952,O14E3O12O18,"S, M, L",https://cdn.shopify.com/s/files/1/1527/0993/files/CHRISSIE-FAUX-LEATHER-SHIRT-GREY-MARIE-18317.jpg?v=1707218615&width=1380,371 USD,260 USD
AIDEN BLAZER,ONE_COLOR,https://thefrankieshop.com/products/aiden-blazer-white?_pos=136&_fid=bd7208fa1&_ss=c&variant=47643472986272,O14E3O12O18,"XS, S, M, L",https://cdn.shopify.com/s/files/1/1527/0993/files/AIDEN-BLAZER-WHITE-ENOLA-36423.jpg?v=1717169037&width=1380,354 USD,213 USD
BLAKE PLEATED TWILL MINI SKIRT,ONE_COLOR,https://thefrankieshop.com/products/blake-pleated-twill-mini-skirt-navy-white-pinstripe?_pos=137&_fid=bd7208fa1&_ss=c&variant=47463517520032,O14E3O12O18,"S, M, L, XL",https://cdn.shopify.com/s/files/1/1527/0993/files/BLAKE-PLEATED-TWILL-MINI-SKIRT-NAVY-WHITE-PINSTRIPE-WILMARY-1575.jpg?v=1719849560&width=1380,189 USD,114 USD
MICKY CROPPED DENIM BOMBER,ONE_COLOR,https://thefrankieshop.com/products/micky-cropped-denim-bomber-raw-wash?_pos=138&_fid=bd7208fa1&_ss=c&variant=47463513882784,O14E3O12O18,"S, M, L",https://cdn.shopify.com/s/files/1/1527/0993/files/MICKY-CROPPED-DENIM-BOMBER-RAW-WASH-ENIOLA-37029_1.jpg?v=1720171703&width=1380,291 USD,204 USD
JO SATIN BLAZER,ONE_COLOR,https://thefrankieshop.com/products/jo-satin-blazer-deep-teal?_pos=139&_fid=bd7208fa1&_ss=c,O14E3O12O18,"XS/S, M/L",https://cdn.shopify.com/s/files/1/1527/0993/files/JO-SATIN-BLAZER-DEEP-TEAL-IREEN-1002.jpg?v=1702374376&width=1380,235 USD,165 USD
TOLKO PANTS,ONE_COLOR,https://thefrankieshop.com/products/tolko-pants-pale-yellow?_pos=140&_fid=bd7208fa1&_ss=c&variant=41885283582112,O14E3O12O18,"S, M",https://cdn.shopify.com/s/files/1/1527/0993/products/tolko-pants-beige-pants-the-frankie-shop-259997.jpg?v=1671205269&width=1380,128 USD,90 USD
AIDEN BLAZER,ONE_COLOR,https://thefrankieshop.com/products/aiden-blazer-beige?_pos=141&_fid=bd7208fa1&_ss=c&variant=47643473248416,O14E3O12O18,"S, M",https://cdn.shopify.com/s/files/1/1527/0993/files/AIDEN-BLAZER-BEIGE-LIWEN-499.jpg?v=1720110041&width=1380,354 USD,213 USD
CECILIA KNITTED MINI SHORTS,ONE_COLOR,https://thefrankieshop.com/products/cecilia-knitted-mini-shorts-ivory?_pos=142&_fid=bd7208fa1&_ss=c,O14E3O12O18,"XS/S, M/L",https://cdn.shopify.com/s/files/1/1527/0993/files/CECILIA-KNIT-SHORTS-IVORY-MARY-2715.jpg?v=1717507313&width=1380,115 USD,81 USD
ROBYN BUTTON UP ROMPER,ONE_COLOR,https://thefrankieshop.com/products/robyn-button-up-romper-navy?_pos=143&_fid=bd7208fa1&_ss=c,O14E3O12O18,"S, M, L, XL",https://cdn.shopify.com/s/files/1/1527/0993/files/ROBYN-BUTTON-UP-ROMPER-NAVY-SANTANA-20349.jpg?v=1715722092&width=1380,195 USD,137 USD
SYDNEY WIDE LEATHER PANTS,ONE_COLOR,https://thefrankieshop.com/products/sydney-wide-leather-pants-grey?_pos=144&_fid=bd7208fa1&_ss=c&variant=43052892356768,O14E3O12O18,"S, M",https://cdn.shopify.com/s/files/1/1527/0993/products/SydneyWideLeatherPants-Grey-tanya-42951.jpg?v=1699201915&width=1380,780 USD,468 USD
