Product Name,Color,Product URL,Unique Color ID, Swatch Image URL,Scraped Image URL
SLEEVELESS MINI DRESS,Cream,"https://oakandfort.com/products/sleeveless-mini-dress-dr-12322-w?variant=45437081518319",C18E1M,https://oakandfort.com/cdn/shop/files/Cream_small.jpg?v=14178783989632009784,"https://oakandfort.com/cdn/shop/files/Dress-12322_Cream-1.jpg?v=1721973403&width=540"
SLEEVELESS MINI DRESS,Arctic Ice,"https://oakandfort.com/products/sleeveless-mini-dress-dr-12322-w?variant=45437081190639",A18C20I3I3E,https://oakandfort.com/cdn/shop/files/Arctic_Ice_small.jpg?v=14085465653267852424,"https://oakandfort.com/cdn/shop/files/Dress-12322_Arctic_20Ice-8.jpg?v=1726262766&width=540"
SLEEVELESS MINI DRESS,Black,"https://oakandfort.com/products/sleeveless-mini-dress-dr-12322-w?variant=45437081354479",B12A3K,https://oakandfort.com/cdn/shop/files/Black_small.jpg?v=677969834690041288,"https://oakandfort.com/cdn/shop/files/Dress-12322_Black-9.jpg?v=1726262766&width=540"
CROPPED OPEN KNIT TANK TOP,Cream,"https://oakandfort.com/products/sleeveless-cropped-button-up-sweater-sw-12288-w?variant=45437078601967",C18E1M,https://oakandfort.com/cdn/shop/files/Cream_small.jpg?v=14178783989632009784,"https://oakandfort.com/cdn/shop/files/Sweater-12288_Cream-1.jpg?v=1722446523&width=540"
CROPPED OPEN KNIT TANK TOP,Black,"https://oakandfort.com/products/sleeveless-cropped-button-up-sweater-sw-12288-w?variant=45437078765807",B12A3K,https://oakandfort.com/cdn/shop/files/Black_small.jpg?v=677969834690041288,"https://oakandfort.com/cdn/shop/files/Sweater-12288_Black-8.jpg?v=1723073169&width=540"
RIB-KNIT V-NECK TANK,Moss Grey,"https://oakandfort.com/products/ribbed-knit-sweater-sw-12281-w?variant=45300896694511",M15S19G18E25,https://oakandfort.com/cdn/shop/files/Moss_Grey_small.jpg?v=3606493334640924413,"https://oakandfort.com/cdn/shop/files/Sweater-12281_Moss_20Grey-1.jpg?v=1721962508&width=540"
RIB-KNIT V-NECK TANK,Birch,"https://oakandfort.com/products/ribbed-knit-sweater-sw-12281-w?variant=45300896530671",B9R3H,https://oakandfort.com/cdn/shop/files/Birch_small.jpg?v=16325371642758249836,"https://oakandfort.com/cdn/shop/files/Sweater-12281_Birch-6.jpg?v=1721962509&width=540"
BLACK DENIM MICRO SHORT,Washed Black,"https://oakandfort.com/products/black-denim-micro-short-sh-12743-w?variant=45624756633839",W1S8E4B12A3,https://oakandfort.com/cdn/shop/files/Washed_Black_small.jpg?v=2631193803310303222,"https://oakandfort.com/cdn/shop/files/Short-12743_Washed_Black-1.jpg?v=1721535584&width=540"
COTTON NYLON MIDI CARGO SKIRT,Black,"https://oakandfort.com/products/cargo-short-sk-12203-w?variant=45437066543343",B12A3K,https://oakandfort.com/cdn/shop/files/Black_small.jpg?v=677969834690041288,"https://oakandfort.com/cdn/shop/files/Skirt-12203_Black-1.jpg?v=1721973144&width=540"
COTTON NYLON MIDI CARGO SKIRT,Vetiver,"https://oakandfort.com/products/cargo-short-sk-12203-w?variant=45437066576111",V5T9V5R,https://oakandfort.com/cdn/shop/files/Vetiver_small.jpg?v=10165615670105498515,"https://oakandfort.com/cdn/shop/files/Skirt-12203_Vetiver-6.jpg?v=1721973144&width=540"
CARGO MINI SKIRT,Stone Blue,"https://oakandfort.com/products/mini-cargo-skirt-sk-10652-w?variant=45300813562095",S20O14E2L21E,https://oakandfort.com/cdn/shop/files/Stone_Blue_small.jpg?v=18195964392475952150,"https://oakandfort.com/cdn/shop/files/Skirt-10652_Dusky_20Green-1.jpg?v=1721959712&width=540"
CARGO MINI SKIRT,Dusky Green,"https://oakandfort.com/products/mini-cargo-skirt-sk-10652-w?variant=45300813725935",D21S11Y7R5E14,https://oakandfort.com/cdn/shop/files/Dusky_Green_small.jpg?v=383995161821782703,"https://oakandfort.com/cdn/shop/files/Skirt-10652_Dusky_20Green-1.jpg?v=1721959712&width=540"
CARGO MINI SKIRT,Pelican,"https://oakandfort.com/products/mini-cargo-skirt-sk-10652-w?variant=45300813889775",P5L9C1N,https://oakandfort.com/cdn/shop/files/Pelican_small.jpg?v=2663240252295810348,"https://oakandfort.com/cdn/shop/files/Skirt-10652_Pelican-8.jpg?v=1726261755&width=540"
RECYCLED NYLON PARACHUTE PANT,Lava Smoke,"https://oakandfort.com/products/mid-rise-baggy-f-e-pant-pt-12165-w?variant=45300805468399",L1V1S13O11E,https://oakandfort.com/cdn/shop/files/Lava_Smoke_small.jpg?v=7747205491280637703,"https://oakandfort.com/cdn/shop/files/Pant-12165_Lava_Smoke-1_3513730c-2922-4d06-8866-c471867c1aae.jpg?v=1721420330&width=540"
RECYCLED NYLON PARACHUTE PANT,Black,"https://oakandfort.com/products/mid-rise-baggy-f-e-pant-pt-12165-w?variant=45300805271791",B12A3K,https://oakandfort.com/cdn/shop/files/Black_small.jpg?v=677969834690041288,"https://oakandfort.com/cdn/shop/files/Pant-12165_Black-9.jpg?v=1721420318&width=540"
SUITING SHORT,Black,"https://oakandfort.com/products/suiting-shorts-sh-12240-w?variant=45301503164655",B12A3K,https://oakandfort.com/cdn/shop/files/Black_small.jpg?v=677969834690041288,"https://oakandfort.com/cdn/shop/files/Short-12240_Black-1_7fc5b073-991d-4f84-9048-797d62fe3038.jpg?v=1721435599&width=540"
SUITING SHORT,Seashell,"https://oakandfort.com/products/suiting-shorts-sh-12240-w?variant=45301503492335",S5A19H5L12,https://oakandfort.com/cdn/shop/files/Seashell_small.jpg?v=12658688516281400929,"https://oakandfort.com/cdn/shop/files/Short-12240_Seashell-7_75f85dc8-0851-4d40-aff0-861452a01395.jpg?v=1721580442&width=540"
LINEN BLEND TUBE TOP,Seashell,"https://oakandfort.com/products/strapless-structured-blouse-wt-12268-w?variant=45301500379375",S5A19H5L12,https://oakandfort.com/cdn/shop/files/Seashell_small.jpg?v=12658688516281400929,"https://oakandfort.com/cdn/shop/files/Blouse-12268_Seashell-1.jpg?v=1722543829&width=540"
LINEN BLEND TUBE TOP,Incense,"https://oakandfort.com/products/strapless-structured-blouse-wt-12268-w?variant=45301500543215",I14C5N19E,https://oakandfort.com/cdn/shop/files/Incense_small.jpg?v=5260526956143054029,"https://oakandfort.com/cdn/shop/files/Blouse-12268_Incense-6.jpg?v=1726226490&width=540"
HALTER TOP,Elm,"https://oakandfort.com/products/halter-top-kt-10644-w?variant=45301317697775",E12M,https://oakandfort.com/cdn/shop/files/Elm_small.jpg?v=5694214040129623181,"https://oakandfort.com/cdn/shop/files/Tank-10644_Elm-1.jpg?v=1721968394&width=540"
HALTER TOP,Black Beauty,"https://oakandfort.com/products/halter-top-kt-10644-w?variant=45301317533935",B12A3K2E1U20,https://oakandfort.com/cdn/shop/files/Black_Beauty_small.jpg?v=677969834690041288,"https://oakandfort.com/cdn/shop/files/Tank-10644_Black_20Beauty-13.jpg?v=1726226213&width=540"
HALTER TOP,Stone Blue,"https://oakandfort.com/products/halter-top-kt-10644-w?variant=45301317861615",S20O14E2L21E,https://oakandfort.com/cdn/shop/files/Stone_Blue_small.jpg?v=18195964392475952150,"https://oakandfort.com/cdn/shop/files/Tank-10644_Elm-1.jpg?v=1721968394&width=540"
HALTER TOP,Pelican,"https://oakandfort.com/products/halter-top-kt-10644-w?variant=45301318025455",P5L9C1N,https://oakandfort.com/cdn/shop/files/Pelican_small.jpg?v=2663240252295810348,"https://oakandfort.com/cdn/shop/files/Tank-10644_Pelican-12.jpg?v=1726262331&width=540"
TUBE TOP,Black Beauty,"https://oakandfort.com/products/tube-top-kt-10653-w?variant=45301014921455",B12A3K2E1U20,https://oakandfort.com/cdn/shop/files/Black_Beauty_small.jpg?v=677969834690041288,"https://oakandfort.com/cdn/shop/files/Tank-10653_Black_20Beauty-1.jpg?v=1721965683&width=540"
TUBE TOP,Pelican,"https://oakandfort.com/products/tube-top-kt-10653-w?variant=45301014659311",P5L9C1N,https://oakandfort.com/cdn/shop/files/Pelican_small.jpg?v=2663240252295810348,"https://oakandfort.com/cdn/shop/files/Tank-10653_Pelican-1.jpg?v=1726225997&width=540"
RUCHED HALTER MINI DRESS,Black,"https://oakandfort.com/products/sleeveless-midi-mesh-dress-dr-12320-w?variant=45437080600815",B12A3K,https://oakandfort.com/cdn/shop/files/Black_small.jpg?v=677969834690041288,"https://oakandfort.com/cdn/shop/files/Dress-12320_Black-5.jpg?v=1721845999&width=540"
RUCHED HALTER MINI DRESS,Seashell Print,"https://oakandfort.com/products/sleeveless-midi-mesh-dress-dr-12320-w?variant=45437080568047",S5A19H5L12P18,https://oakandfort.com/cdn/shop/files/Seashell_Print_small.jpg?v=8165854098109286896,"https://oakandfort.com/cdn/shop/files/Dress-12320_Seashell_Print-1.jpg?v=1721973395&width=540"
LACE CAMISOLE TANK TOP,Cream,"https://oakandfort.com/products/camisole-lace-tank-kt-12577-w?variant=45437064708335",C18E1M,https://oakandfort.com/cdn/shop/files/Cream_small.jpg?v=14178783989632009784,"https://oakandfort.com/cdn/shop/files/TShirt-12577_Cream-1_d2a1a2b4-2d1a-434e-b76c-f8ece04f41e8.jpg?v=1721434941&width=540"
LACE CAMISOLE TANK TOP,Black,"https://oakandfort.com/products/camisole-lace-tank-kt-12577-w?variant=45437064675567",B12A3K,https://oakandfort.com/cdn/shop/files/Black_small.jpg?v=677969834690041288,"https://oakandfort.com/cdn/shop/files/TShirt-12577_Black-8.jpg?v=1726262753&width=540"
SHEER TIE-FRONT TIERED MIDI DRESS,Black,"https://oakandfort.com/products/button-up-sleeveless-sheer-dress-dr-12313-w?variant=45437063430383",B12A3K,https://oakandfort.com/cdn/shop/files/Black_small.jpg?v=677969834690041288,"https://oakandfort.com/cdn/shop/files/Dress-12313_Black-1.jpg?v=1724958350&width=540"
SHEER TIE-FRONT TIERED MIDI DRESS,Cream,"https://oakandfort.com/products/button-up-sleeveless-sheer-dress-dr-12313-w?variant=45437063626991",C18E1M,https://oakandfort.com/cdn/shop/files/Cream_small.jpg?v=14178783989632009784,"https://oakandfort.com/cdn/shop/files/Dress-12313_Cream-5.jpg?v=1725039485&width=540"
MIDI CROCHET DRESS WITH BACK CUTOUT,Taupe,"https://oakandfort.com/products/sleeveless-midi-crochet-dress-dr-12314-w?variant=45301451129071",T1U16E,https://oakandfort.com/cdn/shop/files/Taupe_small.jpg?v=12943796569203300761,"https://oakandfort.com/cdn/shop/files/Dress-12314_Taupe-1.jpg?v=1721970913&width=540"
MIDI CROCHET DRESS WITH BACK CUTOUT,Rocky Road,"https://oakandfort.com/products/sleeveless-midi-crochet-dress-dr-12314-w?variant=45301450932463",R15C11Y18O1D,https://oakandfort.com/cdn/shop/files/Rocky_Road_small.jpg?v=2226263885765782768,"https://oakandfort.com/cdn/shop/files/Dress-12314_Rocky_20Road-8.jpg?v=1726226427&width=540"
DENIM VEST,Vintage Blue,"https://oakandfort.com/products/blue-denim-vest-wt-12363-w?variant=45300625604847",V9N20A7E2L21,https://oakandfort.com/cdn/shop/files/Vintage_Blue_small.jpg?v=8388037174068024937,"https://oakandfort.com/cdn/shop/files/Blouse-12363_Vintage_20Blue-1.jpg?v=1721954361&width=540"
CROPPED TANK WITH CUTOUT,Seashell Print,"https://oakandfort.com/products/sleeveless-tank-with-cutout-kt-12227-w?variant=45437083648239",S5A19H5L12P18,https://oakandfort.com/cdn/shop/files/Seashell_Print_small.jpg?v=8165854098109286896,"https://oakandfort.com/cdn/shop/files/TShirt-12227_Seashell_Print-1.jpg?v=1721425753&width=540"
CROPPED TANK WITH CUTOUT,Black,"https://oakandfort.com/products/sleeveless-tank-with-cutout-kt-12227-w?variant=45437083615471",B12A3K,https://oakandfort.com/cdn/shop/files/Black_small.jpg?v=677969834690041288,"https://oakandfort.com/cdn/shop/files/TShirt-12227_Black-7.jpg?v=1726262768&width=540"
BUBBLE HEM MINI DRESS,White,"https://oakandfort.com/products/bubble-hem-mini-dress-dr-12571-w?variant=45300628422895",W8I20E,https://oakandfort.com/cdn/shop/files/White_small.jpg?v=16986410543905259445,"https://oakandfort.com/cdn/shop/files/Dress-12571_White-1.jpg?v=1721954440&width=540"
BUBBLE HEM MINI DRESS,Black,"https://oakandfort.com/products/bubble-hem-mini-dress-dr-12571-w?variant=45300628226287",B12A3K,https://oakandfort.com/cdn/shop/files/Black_small.jpg?v=677969834690041288,"https://oakandfort.com/cdn/shop/files/Dress-12571_Black-11.jpg?v=1726225339&width=540"
LINEN BLEND OPEN BACK TANK TOP,Seashell,"https://oakandfort.com/products/sleeveless-tie-back-top-wt-12569-w?variant=45437084958959",S5A19H5L12,https://oakandfort.com/cdn/shop/files/Seashell_small.jpg?v=12658688516281400929,"https://oakandfort.com/cdn/shop/files/Blouse-12569_Seashell-1.jpg?v=1721424998&width=540"
LINEN BLEND OPEN BACK TANK TOP,Black,"https://oakandfort.com/products/sleeveless-tie-back-top-wt-12569-w?variant=45437084991727",B12A3K,https://oakandfort.com/cdn/shop/files/Black_small.jpg?v=677969834690041288,"https://oakandfort.com/cdn/shop/files/Blouse-12569_Black-1.jpg?v=1726262768&width=540"
PUFF SLEEVE MINI DRESS WITH CUTOUTS,Black,"https://oakandfort.com/products/ss-puff-sleeve-dress-with-cutout-dr-12310-w?variant=45300950401263",B12A3K,https://oakandfort.com/cdn/shop/files/Black_small.jpg?v=677969834690041288,"https://oakandfort.com/cdn/shop/files/Dress-12310_Black-1_2d90a219-c159-49b2-8151-c8dd90190e2c.jpg?v=1721418601&width=540"
PUFF SLEEVE MINI DRESS WITH CUTOUTS,Tea,"https://oakandfort.com/products/ss-puff-sleeve-dress-with-cutout-dr-12310-w?variant=45300950237423",T5A,https://oakandfort.com/cdn/shop/files/Tea_small.jpg?v=2246930205268652263,"https://oakandfort.com/cdn/shop/files/Dress-12310_Tea-6.jpg?v=1726225919&width=540"
CROPPED MESH TANK,Gray Print,"https://oakandfort.com/products/cropped-mesh-tank-kt-10721-w?variant=45300711719151",G18A25P18I14T,https://oakandfort.com/cdn/shop/files/Gray_Print_small.jpg?v=15807395711486821553,"https://oakandfort.com/cdn/shop/files/TShirt-10721_Gray_Print-1.jpg?v=1721682354&width=540"
CROPPED MESH TANK,Black,"https://oakandfort.com/products/cropped-mesh-tank-kt-10721-w?variant=45300711391471",B12A3K,https://oakandfort.com/cdn/shop/files/Black_small.jpg?v=677969834690041288,"https://oakandfort.com/cdn/shop/files/TShirt-10721_Black-8.jpg?v=1726225457&width=540"
SLEEVELESS MIDI DRESS,Arctic Ice,"https://oakandfort.com/products/sleeveless-midi-dress-dr-12300-w?variant=45301451849967",A18C20I3I3E,https://oakandfort.com/cdn/shop/files/Arctic_Ice_small.jpg?v=14085465653267852424,"https://oakandfort.com/cdn/shop/files/Dress-12300_Arctic_20Ice-1.jpg?v=1721970936&width=540"
SLEEVELESS MIDI DRESS,Black,"https://oakandfort.com/products/sleeveless-midi-dress-dr-12300-w?variant=45301452046575",B12A3K,https://oakandfort.com/cdn/shop/files/Black_small.jpg?v=677969834690041288,"https://oakandfort.com/cdn/shop/files/Dress-12300_Black-6.jpg?v=1723990086&width=540"
SLEEVELESS OVERSIZED KNIT SHIRT,Oatmeal,"https://oakandfort.com/products/oversized-sleeveless-knit-button-up-w-one-pocket-kt-12225-w?variant=45300853965039",O1T13E1L,https://oakandfort.com/cdn/shop/files/Oatmeal_small.jpg?v=11760778041658304853,"https://oakandfort.com/cdn/shop/files/TShirt-12225_Oatmeal-1.jpg?v=1721416096&width=540"
SLEEVELESS OVERSIZED KNIT SHIRT,Black,"https://oakandfort.com/products/oversized-sleeveless-knit-button-up-w-one-pocket-kt-12225-w?variant=45300853768431",B12A3K,https://oakandfort.com/cdn/shop/files/Black_small.jpg?v=677969834690041288,"https://oakandfort.com/cdn/shop/files/TShirt-12225_Black-7.jpg?v=1721253185&width=540"
SLEEVELESS OVERSIZED KNIT SHIRT,Vapor Blue,"https://oakandfort.com/products/oversized-sleeveless-knit-button-up-w-one-pocket-kt-12225-w?variant=45300854096111",V1P15R2L21E,https://oakandfort.com/cdn/shop/files/Vapor_Blue_small.jpg?v=11827335613073026834,"https://oakandfort.com/cdn/shop/files/TShirt-12225_Vapor_Blue-1.jpg?v=1721425985&width=540"
GATHERED DETAIL COLUMN MAXI SKIRT,Black,"https://oakandfort.com/products/poplin-structured-skirt-sk-12205-w?variant=45624760893679",B12A3K,https://oakandfort.com/cdn/shop/files/Black_small.jpg?v=677969834690041288,"https://oakandfort.com/cdn/shop/files/Skirt-12205_Black-1.jpg?v=1721534679&width=540"
GATHERED DETAIL COLUMN MAXI SKIRT,Trench Coat,"https://oakandfort.com/products/poplin-structured-skirt-sk-12205-w?variant=45624760631535",T18E14C8C15A20,https://oakandfort.com/cdn/shop/files/Trench_Coat_small.jpg?v=11592988714322244651,"https://oakandfort.com/cdn/shop/files/Skirt-12205_Trench_Coat-6.jpg?v=1724177718&width=540"
LINEN BLEND SHIRT,Seashell,"https://oakandfort.com/products/ss-relaxed-shirt-wt-12900-w?variant=45300950565103",S5A19H5L12,https://oakandfort.com/cdn/shop/files/Seashell_small.jpg?v=12658688516281400929,"https://oakandfort.com/cdn/shop/files/Blouse-12900_Seashell-1.jpg?v=1721964265&width=540"
LINEN BLEND SHIRT,Moss Grey,"https://oakandfort.com/products/ss-relaxed-shirt-wt-12900-w?variant=45300950728943",M15S19G18E25,https://oakandfort.com/cdn/shop/files/Moss_Grey_small.jpg?v=3606493334640924413,"https://oakandfort.com/cdn/shop/files/Blouse-12900_Moss_20Grey-6.jpg?v=1726225919&width=540"
BLACK DENIM VEST,Washed Black,"https://oakandfort.com/products/black-denim-vest-wt-12744-w?variant=45625385353455",W1S8E4B12A3,https://oakandfort.com/cdn/shop/files/Washed_Black_small.jpg?v=2631193803310303222,"https://oakandfort.com/cdn/shop/files/Blouse-12744_Washed_Black-1.jpg?v=1721532928&width=540"
PLEATED TANK TOP,Bluefin,"https://oakandfort.com/products/sleeveless-pleated-top-kt-12392-w?variant=45437082239215",B12U5F9N,https://oakandfort.com/cdn/shop/files/Bluefin_small.jpg?v=13272065824291033934,"https://oakandfort.com/cdn/shop/files/TShirt-12392_Bluefin-1.jpg?v=1721973416&width=540"
PLEATED TANK TOP,Tea,"https://oakandfort.com/products/sleeveless-pleated-top-kt-12392-w?variant=45437082435823",T5A,https://oakandfort.com/cdn/shop/files/Tea_small.jpg?v=2246930205268652263,"https://oakandfort.com/cdn/shop/files/TShirt-12392_Tea-8.jpg?v=1726262769&width=540"
CROPPED PONTE KNIT TUBE TOP,Black,"https://oakandfort.com/products/strapless-tube-top-kt-12222-w?variant=45301500936431",B12A3K,https://oakandfort.com/cdn/shop/files/Black_small.jpg?v=677969834690041288,"https://oakandfort.com/cdn/shop/files/TShirt-12222_Black-1.jpg?v=1721971525&width=540"
NYLON TRACK ZIP-UP JACKET,Black,"https://oakandfort.com/products/ls-track-runner-jacket-ow-12192-w?variant=45301354660079",B12A3K,https://oakandfort.com/cdn/shop/files/Black_small.jpg?v=677969834690041288,"https://oakandfort.com/cdn/shop/files/Coat-12192_Black-1.jpg?v=1721969152&width=540"
NYLON TRACK ZIP-UP JACKET,Seashell,"https://oakandfort.com/products/ls-track-runner-jacket-ow-12192-w?variant=45301354856687",S5A19H5L12,https://oakandfort.com/cdn/shop/files/Seashell_small.jpg?v=12658688516281400929,"https://oakandfort.com/cdn/shop/files/Coat-12192_Seashell-17.jpg?v=1726226279&width=540"
LINEN BLEND TIERED MINI DRESS,Cream,"https://oakandfort.com/products/tiered-mini-dress-dr-12296-w?variant=45301007515887",C18E1M,https://oakandfort.com/cdn/shop/files/Cream_small.jpg?v=14178783989632009784,"https://oakandfort.com/cdn/shop/files/Dress-12296_Cream-1.jpg?v=1721965545&width=540"
LINEN BLEND TIERED MINI DRESS,Black,"https://oakandfort.com/products/tiered-mini-dress-dr-12296-w?variant=45301007188207",B12A3K,https://oakandfort.com/cdn/shop/files/Black_small.jpg?v=677969834690041288,"https://oakandfort.com/cdn/shop/files/Dress-12296_Black-7.jpg?v=1726225985&width=540"
LINEN BLEND TIERED MINI DRESS,Arctic Ice,"https://oakandfort.com/products/tiered-mini-dress-dr-12296-w?variant=45301007352047",A18C20I3I3E,https://oakandfort.com/cdn/shop/files/Arctic_Ice_small.jpg?v=14085465653267852424,"https://oakandfort.com/cdn/shop/files/Dress-12296_Arctic_20Ice-8.jpg?v=1726225985&width=540"
RUFFLED MAXI DRESS,Black,"https://oakandfort.com/products/sleeveless-ruffled-maxi-dress-dr-11811-w?variant=45300928119023",B12A3K,https://oakandfort.com/cdn/shop/files/Black_small.jpg?v=677969834690041288,"https://oakandfort.com/cdn/shop/files/Dress-11811_Black-1.jpg?v=1721963598&width=540"
RUFFLED MAXI DRESS,PICKLED PEPPER,"https://oakandfort.com/products/sleeveless-ruffled-maxi-dress-dr-11811-w?variant=45300928282863",P9C11L5D16E16,https://oakandfort.com/cdn/shop/files/Pickled_Pepper_small.jpg?v=16095279006362931430,"https://oakandfort.com/cdn/shop/files/Dress-11811_PICKLED_20PEPPER-6.jpg?v=1726225872&width=540"
LIGHTWEIGHT KNIT CARDIGAN,White,"https://oakandfort.com/products/lightweight-knit-cardigan_2?variant=45618830672111",W8I20E,https://oakandfort.com/cdn/shop/files/White_small.jpg?v=16986410543905259445,"https://oakandfort.com/cdn/shop/files/Cardigan-13842_White-1.jpg?v=1721429642&width=540"
LIGHTWEIGHT KNIT CARDIGAN,Black,"https://oakandfort.com/products/lightweight-knit-cardigan_2?variant=45618830508271",B12A3K,https://oakandfort.com/cdn/shop/files/Black_small.jpg?v=677969834690041288,"https://oakandfort.com/cdn/shop/files/Cardigan-13842_Black-8.jpg?v=1721430000&width=540"
TEXTURED PUFF SLEEVE MIDI DRESS,Cream,"https://oakandfort.com/products/textured-puff-sleeve-midi-dress?variant=45300998570223",C18E1M,https://oakandfort.com/cdn/shop/files/Cream_small.jpg?v=14178783989632009784,"https://oakandfort.com/cdn/shop/files/Dress-13545_Cream-1.jpg?v=1721965338&width=540"
TEXTURED PUFF SLEEVE MIDI DRESS,Black,"https://oakandfort.com/products/textured-puff-sleeve-midi-dress?variant=45300998537455",B12A3K,https://oakandfort.com/cdn/shop/files/Black_small.jpg?v=677969834690041288,"https://oakandfort.com/cdn/shop/files/Dress-13545_Black-6.jpg?v=1726225969&width=540"
CUT OFF DENIM SHORTS,Light Wash,"https://oakandfort.com/products/cut-off-denim-shorts?variant=45583687975151",L9G8T23A19H,https://oakandfort.com/cdn/shop/files/Light_Wash_small.jpg?v=8107699315985898499,"https://oakandfort.com/cdn/shop/files/Short-13858_Light_Wash-7.jpg?v=1721354797&width=540"
CUT OFF DENIM SHORTS,Dark Wash,"https://oakandfort.com/products/cut-off-denim-shorts?variant=45583688138991",D1R11W1S8,https://oakandfort.com/cdn/shop/files/Dark_Wash_small.jpg?v=2272160576415299262,"https://oakandfort.com/cdn/shop/files/Short-13858_Dark_Wash-1.jpg?v=1721396069&width=540"
FRONT KNOT PLEATED MIDI DRESS,Bluefin,"https://oakandfort.com/products/ss-pleated-knot-front-dress-dr-12295-w?variant=45300949713135",B12U5F9N,https://oakandfort.com/cdn/shop/files/Bluefin_small.jpg?v=13272065824291033934,"https://oakandfort.com/cdn/shop/files/Dress-12295_Bluefin-1.jpg?v=1721964244&width=540"
FRONT KNOT PLEATED MIDI DRESS,Tea,"https://oakandfort.com/products/ss-pleated-knot-front-dress-dr-12295-w?variant=45300949876975",T5A,https://oakandfort.com/cdn/shop/files/Tea_small.jpg?v=2246930205268652263,"https://oakandfort.com/cdn/shop/files/Dress-12295_Tea-6.jpg?v=1726225916&width=540"
POPLIN RIB-KNIT DROP WAIST MIDI DRESS,Incense,"https://oakandfort.com/products/sleeveless-poplin-and-rib-knit-d-dr-12311-w?variant=45300927430895",I14C5N19E,https://oakandfort.com/cdn/shop/files/Incense_small.jpg?v=5260526956143054029,"https://oakandfort.com/cdn/shop/files/Dress-12311_Incense-1.jpg?v=1721963575&width=540"
POPLIN RIB-KNIT DROP WAIST MIDI DRESS,Black,"https://oakandfort.com/products/sleeveless-poplin-and-rib-knit-d-dr-12311-w?variant=45300927594735",B12A3K,https://oakandfort.com/cdn/shop/files/Black_small.jpg?v=677969834690041288,"https://oakandfort.com/cdn/shop/files/Dress-12311_Black-6.jpg?v=1723250306&width=540"
GINGHAM MINI SKIRT WITH FRONT SLIT,Coconut Mint Green,"https://oakandfort.com/products/gingham-mini-skirt-sk-10671-w?variant=45300771913967",C15C15N21T13I14,https://oakandfort.com/cdn/shop/files/Coconut_Mint_Green_small.jpg?v=15488864505870735975,"https://oakandfort.com/cdn/shop/files/Skirt-10671_Coconut_20Mint_20Green-1.jpg?v=1721958133&width=540"
GINGHAM MINI SKIRT WITH FRONT SLIT,Coconut Lead Grey,"https://oakandfort.com/products/gingham-mini-skirt-sk-10671-w?variant=45300772143343",C15C15N21T12E1,https://oakandfort.com/cdn/shop/files/Coconut_Lead_Grey_small.jpg?v=8158011197316167219,"https://oakandfort.com/cdn/shop/files/Skirt-10671_Coconut_20Lead_20Grey-6.jpg?v=1726225570&width=540"
CROCHET SWEATER VEST,MEDIUM GREY,"https://oakandfort.com/products/crochet-sweater-vest?variant=45300694679791",M5D9U13G18E25,https://oakandfort.com/cdn/shop/files/Medium_Grey_small.jpg?v=14513054132178509188,"https://oakandfort.com/cdn/shop/files/Sweater-13507_MEDIUM_20GREY-1.jpg?v=1721275012&width=540"
CROCHET SWEATER VEST,Black,"https://oakandfort.com/products/crochet-sweater-vest?variant=45300694614255",B12A3K,https://oakandfort.com/cdn/shop/files/Black_small.jpg?v=677969834690041288,"https://oakandfort.com/cdn/shop/files/Sweater-13507_Black-7.jpg?v=1726225433&width=540"
ASYMMETRIC OFF THE SHOULDER TANK,Black,"https://oakandfort.com/products/asymetric-shoulder-knit-top-kt-12567-w?variant=45624748900591",B12A3K,https://oakandfort.com/cdn/shop/files/Black_small.jpg?v=677969834690041288,"https://oakandfort.com/cdn/shop/files/TShirt-12567_Black-1.jpg?v=1721680365&width=540"
ASYMMETRIC OFF THE SHOULDER TANK,Seashell,"https://oakandfort.com/products/asymetric-shoulder-knit-top-kt-12567-w?variant=45624749064431",S5A19H5L12,https://oakandfort.com/cdn/shop/files/Seashell_small.jpg?v=12658688516281400929,"https://oakandfort.com/cdn/shop/files/TShirt-12567_Seashell-13.jpg?v=1721680366&width=540"
LINEN BLEND MAXI DRESS,Seashell,"https://oakandfort.com/products/strapless-maxi-tube-dress-dr-12315-w?variant=45437087318255",S5A19H5L12,https://oakandfort.com/cdn/shop/files/Seashell_small.jpg?v=12658688516281400929,"https://oakandfort.com/cdn/shop/files/Dress-12315_Seashell-1.jpg?v=1721973476&width=540"
LINEN BLEND MAXI DRESS,Black,"https://oakandfort.com/products/strapless-maxi-tube-dress-dr-12315-w?variant=45437087482095",B12A3K,https://oakandfort.com/cdn/shop/files/Black_small.jpg?v=677969834690041288,"https://oakandfort.com/cdn/shop/files/Dress-12315_Seashell-1.jpg?v=1721973476&width=540"
CROCHET CARDIGAN,Black,"https://oakandfort.com/products/ls-crochet-cardigan-cg-12198-w?variant=45301347385583",B12A3K,https://oakandfort.com/cdn/shop/files/Black_small.jpg?v=677969834690041288,"https://oakandfort.com/cdn/shop/files/Cardigan-12198_Black-1.jpg?v=1721968977&width=540"
CROCHET CARDIGAN,Cobblestone,"https://oakandfort.com/products/ls-crochet-cardigan-cg-12198-w?variant=45301347549423",C15B2L5S20O14,https://oakandfort.com/cdn/shop/files/Cobblestone_small.jpg?v=1208262365006202919,"https://oakandfort.com/cdn/shop/files/Cardigan-12198_Cobblestone-6.jpg?v=1721968977&width=540"
LINEN BLEND WIDE LEG DRESS PANT,Seashell,"https://oakandfort.com/products/linen-wide-leg-dress-pants-pt-12255-w?variant=45301339128047",S5A19H5L12,https://oakandfort.com/cdn/shop/files/Seashell_small.jpg?v=12658688516281400929,"https://oakandfort.com/cdn/shop/files/Pant-12255_Seashell-1.jpg?v=1721968779&width=540"
LINEN BLEND WIDE LEG DRESS PANT,Incense,"https://oakandfort.com/products/linen-wide-leg-dress-pants-pt-12255-w?variant=45301339390191",I14C5N19E,https://oakandfort.com/cdn/shop/files/Incense_small.jpg?v=5260526956143054029,"https://oakandfort.com/cdn/shop/files/Pant-12255_Incense-7.jpg?v=1721968779&width=540"
PUFF SLEEVE MIDI DRESS WITH BOWS,White,"https://oakandfort.com/products/puff-sleeve-midi-dress-with-bows?variant=45300879393007",W8I20E,https://oakandfort.com/cdn/shop/files/White_small.jpg?v=16986410543905259445,"https://oakandfort.com/cdn/shop/files/Dress-13747_White-1.jpg?v=1721961985&width=540"
PUFF SLEEVE MIDI DRESS WITH BOWS,Black,"https://oakandfort.com/products/puff-sleeve-midi-dress-with-bows?variant=45300879360239",B12A3K,https://oakandfort.com/cdn/shop/files/Black_small.jpg?v=677969834690041288,"https://oakandfort.com/cdn/shop/files/Dress-13747_Black-5.jpg?v=1726225782&width=540"
MIDI LACE DRESS,Cream,"https://oakandfort.com/products/midi-lace-dress?variant=45300404945135",C18E1M,https://oakandfort.com/cdn/shop/files/Cream_small.jpg?v=14178783989632009784,"https://oakandfort.com/cdn/shop/files/Dress-13543_Cream-1.jpg?v=1721952229&width=540"
ULTRA SHORT DENIM SHORTS,Light Wash,"https://oakandfort.com/products/ultra-short-denim-shorts?variant=45583709044975",L9G8T23A19H,https://oakandfort.com/cdn/shop/files/Light_Wash_small.jpg?v=8107699315985898499,"https://oakandfort.com/cdn/shop/files/Short-14017_Light_Wash-1.jpg?v=1721254840&width=540"
DISTRESSED DENIM SHORTS,Light Wash,"https://oakandfort.com/products/distressed-denim-shorts?variant=45583688761583",L9G8T23A19H,https://oakandfort.com/cdn/shop/files/Light_Wash_small.jpg?v=8107699315985898499,"https://oakandfort.com/cdn/shop/files/Short-13926_Light_Wash-1.jpg?v=1721356828&width=540"
LINEN BLEND WIDE LEG PANT,Moss Grey,"https://oakandfort.com/products/linen-elastic-waist-pants-pt-12561-w?variant=45301333983471",M15S19G18E25,https://oakandfort.com/cdn/shop/files/Moss_Grey_small.jpg?v=3606493334640924413,"https://oakandfort.com/cdn/shop/files/Pant-12561_Moss_20Grey-1.jpg?v=1721968683&width=540"
LINEN BLEND WIDE LEG PANT,Seashell,"https://oakandfort.com/products/linen-elastic-waist-pants-pt-12561-w?variant=45301333819631",S5A19H5L12,https://oakandfort.com/cdn/shop/files/Seashell_small.jpg?v=12658688516281400929,"https://oakandfort.com/cdn/shop/files/Pant-12561_Seashell-7.jpg?v=1726226238&width=540"
TUBE TOP WITH FOLD-OVER DETAIL,Bluefin,"https://oakandfort.com/products/sleeveless-tube-top-kt-12394-w?variant=45300928807151",B12U5F9N,https://oakandfort.com/cdn/shop/files/Bluefin_small.jpg?v=13272065824291033934,"https://oakandfort.com/cdn/shop/files/TShirt-12394_Bluefin-1.jpg?v=1721963600&width=540"
TUBE TOP WITH FOLD-OVER DETAIL,Black,"https://oakandfort.com/products/sleeveless-tube-top-kt-12394-w?variant=45300928774383",B12A3K,https://oakandfort.com/cdn/shop/files/Black_small.jpg?v=677969834690041288,"https://oakandfort.com/cdn/shop/files/TShirt-12394_Black-8.jpg?v=1726225870&width=540"
GINGHAM PUFF SLEEVE MINI DRESS,Coconut Lead Grey,"https://oakandfort.com/products/gingham-mini-dress-dr-10670-w?variant=45300770996463",C15C15N21T12E1,https://oakandfort.com/cdn/shop/files/Coconut_Lead_Grey_small.jpg?v=8158011197316167219,"https://oakandfort.com/cdn/shop/files/Dress-10670_Coconut_20Lead_20Grey-6.jpg?v=1726225569&width=540"
GINGHAM PUFF SLEEVE MINI DRESS,Coconut Mint Green,"https://oakandfort.com/products/gingham-mini-dress-dr-10670-w?variant=45300771160303",C15C15N21T13I14,https://oakandfort.com/cdn/shop/files/Coconut_Mint_Green_small.jpg?v=15488864505870735975,"https://oakandfort.com/cdn/shop/files/Dress-10670_Coconut_20Mint_20Green-1.jpg?v=1721958107&width=540"
CROPPED BLOUSE WITH BOW PATTERN,Black,"https://oakandfort.com/products/cropped-blouse-with-bow-pattern?variant=45300697366767",B12A3K,https://oakandfort.com/cdn/shop/files/Black_small.jpg?v=677969834690041288,"https://oakandfort.com/cdn/shop/files/Blouse-13519_Black-1.jpg?v=1721956037&width=540"
CROPPED BLOUSE WITH BOW PATTERN,White,"https://oakandfort.com/products/cropped-blouse-with-bow-pattern?variant=45300697301231",W8I20E,https://oakandfort.com/cdn/shop/files/White_small.jpg?v=16986410543905259445,"https://oakandfort.com/cdn/shop/files/Blouse-13519_White-10.jpg?v=1726225439&width=540"
BOW GRAPHIC T-SHIRT,White,"https://oakandfort.com/products/bow-graphic-t-shirt?variant=45300098859247",W8I20E,https://oakandfort.com/cdn/shop/files/White_small.jpg?v=16986410543905259445,"https://oakandfort.com/cdn/shop/files/TShirt-13515_White-1.jpg?v=1721950430&width=540"
BOW GRAPHIC T-SHIRT,Stone Grey,"https://oakandfort.com/products/bow-graphic-t-shirt?variant=45300098760943",S20O14E7R5Y,https://oakandfort.com/cdn/shop/files/Stone_Grey_small.jpg?v=9360240821124370815,"https://oakandfort.com/cdn/shop/files/TShirt-13515_Stone_20Grey-9.jpg?v=1726152921&width=540"
RUFFLE DENIM SHORT,Black,"https://oakandfort.com/products/ruffle-denim-short?variant=45583700132079",B12A3K,https://oakandfort.com/cdn/shop/files/Black_small.jpg?v=677969834690041288,"https://oakandfort.com/cdn/shop/files/Short-13884_Black-1.jpg?v=1722382778&width=540"
OVERSIZED CROSS-OVER JEANS,Light Wash,"https://oakandfort.com/products/oversized-cross-over-jeans?variant=45300845347055",L9G8T23A19H,https://oakandfort.com/cdn/shop/files/Light_Wash_small.jpg?v=8107699315985898499,"https://oakandfort.com/cdn/shop/files/Denim-13758_Light_20Wash-1.jpg?v=1721960866&width=540"
LONG SLEEVE RUFFLED BLOUSE,White,"https://oakandfort.com/products/long-sleeve-ruffled-blouse?variant=45300398194927",W8I20E,https://oakandfort.com/cdn/shop/files/White_small.jpg?v=16986410543905259445,"https://oakandfort.com/cdn/shop/files/Blouse-13541_White-1.jpg?v=1721952040&width=540"
LONG SLEEVE RUFFLED BLOUSE,Sky Blue,"https://oakandfort.com/products/long-sleeve-ruffled-blouse?variant=45300398162159",S11Y2L21E,https://oakandfort.com/cdn/shop/files/Sky_Blue_small.jpg?v=7541279862351648990,"https://oakandfort.com/cdn/shop/files/Blouse-13541_Sky_20Blue-6.jpg?v=1726225184&width=540"
ROSETTE FLORAL TOP,White,"https://oakandfort.com/products/rosette-top?variant=45300419100911",W8I20E,https://oakandfort.com/cdn/shop/files/White_small.jpg?v=16986410543905259445,"https://oakandfort.com/cdn/shop/files/TShirt-13548_White-1.jpg?v=1721952709&width=540"
LEOPARD PRINT TANK TOP,Print,"https://oakandfort.com/products/cheetah-print-tank-top?variant=45300128874735",P18I14T,https://oakandfort.com/cdn/shop/files/Print_small.jpg?v=3746314768094521660,"https://oakandfort.com/cdn/shop/files/TShirt-13752_Print-1.jpg?v=1721950698&width=540"
BASEBALL HAT,Cream Navy,"https://oakandfort.com/products/baseball-hat?variant=45300093583599",C18E1M14A22Y,https://oakandfort.com/cdn/shop/files/Cream_Navy_small.jpg?v=11363624993429776697,"https://oakandfort.com/cdn/shop/files/Hat-12016_Cream_20Navy_20West-1.jpg?v=1721950403&width=540"
BASEBALL HAT,Cream Navy East,"https://oakandfort.com/products/baseball-hat?variant=45300093616367",C18E1M14A22Y5,https://oakandfort.com/cdn/shop/files/Cream_Navy_East_small.jpg?v=12379570331179134865,"https://oakandfort.com/cdn/shop/files/Hat-12016_Cream_20Navy_20East-5.jpg?v=1721950403&width=540"
BASEBALL HAT,Cream Navy West,"https://oakandfort.com/products/baseball-hat?variant=45300093649135",C18E1M14A22Y23,https://oakandfort.com/cdn/shop/files/Cream_Navy_West_small.jpg?v=12379570331179134865,"https://oakandfort.com/cdn/shop/files/Hat-12016_Cream_20Navy_20West-1.jpg?v=1721950403&width=540"
BASEBALL HAT,Navy East,"https://oakandfort.com/products/baseball-hat?variant=45300093681903",N1V25E1S20,https://oakandfort.com/cdn/shop/files/Navy_East_small.jpg?v=3490524843375472546,"https://oakandfort.com/cdn/shop/files/Hat-12016_Navy_20East-7.jpg?v=1721950403&width=540"
BASEBALL HAT,Oatmeal Green,"https://oakandfort.com/products/baseball-hat?variant=45744781557999",O1T13E1L7R5,https://oakandfort.com/cdn/shop/files/Oatmeal_Green_small.jpg?v=13163476168343052949,"https://oakandfort.com/cdn/shop/files/Hat-12016_Cream_20Navy_20West-1.jpg?v=1721950403&width=540"
BASEBALL HAT,Oatmeal Blue,"https://oakandfort.com/products/baseball-hat?variant=45744781590767",O1T13E1L2L21,https://oakandfort.com/cdn/shop/files/Oatmeal_Blue_small.jpg?v=8463570369969500688,"https://oakandfort.com/cdn/shop/files/Hat-12016_Cream_20Navy_20West-1.jpg?v=1721950403&width=540"
BASEBALL HAT,Navy West,"https://oakandfort.com/products/baseball-hat?variant=45744781656303",N1V25W5S20,https://oakandfort.com/cdn/shop/files/Navy_West_small.jpg?v=3577674692953127266,"https://oakandfort.com/cdn/shop/files/Hat-12016_Cream_20Navy_20West-1.jpg?v=1721950403&width=540"
PATTERNED SCARF WITH TASSELS,Almond Brown Check,"https://oakandfort.com/products/patterned-scarf-with-tassels?variant=45300859535599",A12M15N4B18O23,https://oakandfort.com/cdn/shop/files/Almond_Brown_Check_small.jpg?v=4357932336896830897,"https://oakandfort.com/cdn/shop/files/Scarf-9621_Almond_Brown_Check-1.jpg?v=1726766677&width=540"
PATTERNED SCARF WITH TASSELS,Pink Plaid,"https://oakandfort.com/products/patterned-scarf-with-tassels?variant=45300859633903",P9N11P12A9D,https://oakandfort.com/cdn/shop/files/Pink_Plaid_small.jpg?v=4739648187649472856,"https://oakandfort.com/cdn/shop/files/Scarf-9621_Pink_Plaid-4.jpg?v=1726862163&width=540"
PATTERNED SCARF WITH TASSELS,Blue Plaid,"https://oakandfort.com/products/patterned-scarf-with-tassels?variant=45300859601135",B12U5P12A9D,https://oakandfort.com/cdn/shop/files/Blue_Plaid_small.jpg?v=9461367587075240766,"https://oakandfort.com/cdn/shop/files/Scarf-9621_Blue_Plaid-7.jpg?v=1726862219&width=540"
PATTERNED SCARF WITH TASSELS,Black White Stripe,"https://oakandfort.com/products/patterned-scarf-with-tassels?variant=45300859666671",B12A3K23H9T5,https://oakandfort.com/cdn/shop/files/Black_White_Stripe_small.jpg?v=13045233924366239521,"https://oakandfort.com/cdn/shop/files/Scarf-9621_Black_White_Stripe-10.jpg?v=1726862200&width=540"
ELASTIC WAIST PANT,Pinecone,"https://oakandfort.com/products/elastic-waist-lounge-pants-pt-8065-w?variant=45301296988399",P9N5C15N5,https://oakandfort.com/cdn/shop/files/Pinecone_small.jpg?v=12375648756052840416,"https://oakandfort.com/cdn/shop/files/Pant-8065_Pinecone-1.jpg?v=1723835412&width=540"
ELASTIC WAIST PANT,Vetiver,"https://oakandfort.com/products/elastic-waist-lounge-pants-pt-8065-w?variant=45301296955631",V5T9V5R,https://oakandfort.com/cdn/shop/files/Vetiver_small.jpg?v=10165615670105498515,"https://oakandfort.com/cdn/shop/files/Pant-8065_Vetiver-5.jpg?v=1723835411&width=540"
ELASTIC WAIST PANT,Black,"https://oakandfort.com/products/elastic-waist-lounge-pants-pt-8065-w?variant=45301295415535",B12A3K,https://oakandfort.com/cdn/shop/files/Black_small.jpg?v=677969834690041288,"https://oakandfort.com/cdn/shop/files/Pant-8065_Black-10.jpg?v=1726226186&width=540"
ELASTIC WAIST PANT,Oatmeal,"https://oakandfort.com/products/elastic-waist-lounge-pants-pt-8065-w?variant=45301295448303",O1T13E1L,https://oakandfort.com/cdn/shop/files/Oatmeal_small.jpg?v=11760778041658304853,"https://oakandfort.com/cdn/shop/files/Pant-8065_Oatmeal-6.jpg?v=1723835496&width=540"
ELASTIC WAIST PANT,Vapor Blue,"https://oakandfort.com/products/elastic-waist-lounge-pants-pt-8065-w?variant=45301296562415",V1P15R2L21E,https://oakandfort.com/cdn/shop/files/Vapor_Blue_small.jpg?v=11827335613073026834,"https://oakandfort.com/cdn/shop/files/Pant-8065_Vapor_Blue-13.jpg?v=1723835511&width=540"
ELASTIC WAIST PANT,ANTARCTICA,"https://oakandfort.com/products/elastic-waist-lounge-pants-pt-8065-w?variant=45301296365807",A14T1R3T9C1,https://oakandfort.com/cdn/shop/files/Antarctica_small.jpg?v=3053232186467731058,"https://oakandfort.com/cdn/shop/files/Pant-8065_ANTARCTICA-19.jpg?v=1726226191&width=540"
CROPPED LENGTH 26" TWILL WIDE LEG PANT,Oatmeal,"https://oakandfort.com/products/cropped-twill-wide-leg-pant-pt-6581-w?variant=45539379970287",O1T13E1L,https://oakandfort.com/cdn/shop/files/Oatmeal_small.jpg?v=11760778041658304853,"https://oakandfort.com/cdn/shop/files/Pant-6581_Oatmeal-1.jpg?v=1723571901&width=540"
CROPPED LENGTH 26" TWILL WIDE LEG PANT,Black,"https://oakandfort.com/products/cropped-twill-wide-leg-pant-pt-6581-w?variant=45539379478767",B12A3K,https://oakandfort.com/cdn/shop/files/Black_small.jpg?v=677969834690041288,"https://oakandfort.com/cdn/shop/files/Pant-6581_Black-19.jpg?v=1723572021&width=540"
CROPPED LENGTH 26" TWILL WIDE LEG PANT,Dark Cocoa,"https://oakandfort.com/products/cropped-twill-wide-leg-pant-pt-6581-w?variant=45539380396271",D1R11C15C15A,https://oakandfort.com/cdn/shop/files/Dark_Cocoa_small.jpg?v=12191405829855701535,"https://oakandfort.com/cdn/shop/files/Pant-6581_Dark_Cocoa-35.jpg?v=1723572440&width=540"
CROPPED LENGTH 26" TWILL WIDE LEG PANT,Vetiver,"https://oakandfort.com/products/cropped-twill-wide-leg-pant-pt-6581-w?variant=45539380199663",V5T9V5R,https://oakandfort.com/cdn/shop/files/Vetiver_small.jpg?v=10165615670105498515,"https://oakandfort.com/cdn/shop/files/Pant-6581_Vetiver-36.jpg?v=1723572440&width=540"
CROPPED LENGTH 26" TWILL WIDE LEG PANT,Bluefin,"https://oakandfort.com/products/cropped-twill-wide-leg-pant-pt-6581-w?variant=45628664709359",B12U5F9N,https://oakandfort.com/cdn/shop/files/Bluefin_small.jpg?v=13272065824291033934,"https://oakandfort.com/cdn/shop/files/Pant-6581_Bluefin-10.jpg?v=1721253155&width=540"
CROPPED LENGTH 26" TWILL WIDE LEG PANT,Steel Grey,"https://oakandfort.com/products/cropped-twill-wide-leg-pant-pt-6581-w?variant=45628663922927",S20E5L7R5Y,https://oakandfort.com/cdn/shop/files/Steel_Grey_small.jpg?v=12600692991455894982,"https://oakandfort.com/cdn/shop/files/Pant-6581_Steel_Grey-17.jpg?v=1723572001&width=540"
CROPPED LENGTH 26" TWILL WIDE LEG PANT,Thyme,"https://oakandfort.com/products/cropped-twill-wide-leg-pant-pt-6581-w?variant=45609617621231",T8Y13E,https://oakandfort.com/cdn/shop/files/Thyme_small.jpg?v=17117212601125515589,"https://oakandfort.com/cdn/shop/files/Pant-6581_Thyme-22.jpg?v=1723572044&width=540"
CROPPED LENGTH 26" TWILL WIDE LEG PANT,Vapor Blue,"https://oakandfort.com/products/cropped-twill-wide-leg-pant-pt-6581-w?variant=45628664873199",V1P15R2L21E,https://oakandfort.com/cdn/shop/files/Vapor_Blue_small.jpg?v=11827335613073026834,"https://oakandfort.com/cdn/shop/files/Pant-6581_Vapor_Blue-31.jpg?v=1723572095&width=540"
CROPPED LENGTH 26" TWILL WIDE LEG PANT,Moss Grey,"https://oakandfort.com/products/cropped-twill-wide-leg-pant-pt-6581-w?variant=45628665037039",M15S19G18E25,https://oakandfort.com/cdn/shop/files/Moss_Grey_small.jpg?v=3606493334640924413,"https://oakandfort.com/cdn/shop/files/Pant-6581_Moss_Grey-28.jpg?v=1723572088&width=540"
CROPPED LENGTH 26" TWILL WIDE LEG PANT,Pink Carnation,"https://oakandfort.com/products/cropped-twill-wide-leg-pant-pt-6581-w?variant=45628663562479",P9N11C1R14A20,https://oakandfort.com/cdn/shop/files/Pink_Carnation_small.jpg?v=1974016496581612610,"https://oakandfort.com/cdn/shop/files/Pant-6581_Oatmeal-1.jpg?v=1723571901&width=540"
CROPPED LENGTH 26" TWILL WIDE LEG PANT,Toasted Coconut,"https://oakandfort.com/products/cropped-twill-wide-leg-pant-pt-6581-w?variant=45628664119535",T15A19T5D3O3,https://oakandfort.com/cdn/shop/files/Toasted_Coconut_small.jpg?v=7887712046253372376,"https://oakandfort.com/cdn/shop/files/Pant-6581_Toasted_Coconut-34.jpg?v=1723572124&width=540"
CROPPED LENGTH 26" TWILL WIDE LEG PANT,Beechnut Green,"https://oakandfort.com/products/cropped-twill-wide-leg-pant-pt-6581-w?variant=45628664316143",B5E3H14U20G18,https://oakandfort.com/cdn/shop/files/Beechnut_Green_small.jpg?v=5566848918801373654,"https://oakandfort.com/cdn/shop/files/Pant-6581_Beechnut_Green-32.jpg?v=1723572103&width=540"
CROPPED LENGTH 26" TWILL WIDE LEG PANT,Trench Coat,"https://oakandfort.com/products/cropped-twill-wide-leg-pant-pt-6581-w?variant=45628664512751",T18E14C8C15A20,https://oakandfort.com/cdn/shop/files/Trench_Coat_small.jpg?v=11592988714322244651,"https://oakandfort.com/cdn/shop/files/Pant-6581_Trench_Coat-26.jpg?v=1723572074&width=540"
CORE T-SHIRT,Coffee Bean,"https://oakandfort.com/products/classic-fit-t-shirt-ct-3464-w?variant=45628662382831",C15F6E5B5A14,https://oakandfort.com/cdn/shop/files/Coffee_Bean_small.jpg?v=2220205600462905933,"https://oakandfort.com/cdn/shop/files/TShirt-3464_Coffee_Bean-1.jpg?v=1723054985&width=540"
CORE T-SHIRT,Vintage Indigo,"https://oakandfort.com/products/classic-fit-t-shirt-ct-3464-w?variant=45628663300335",V9N20A7E9N4,https://oakandfort.com/cdn/shop/files/Vintage_Indigo_small.jpg?v=14210797169129911469,"https://oakandfort.com/cdn/shop/files/TShirt-3464_Vintage_Indigo-6.jpg?v=1723055031&width=540"
CORE T-SHIRT,Black,"https://oakandfort.com/products/classic-fit-t-shirt-ct-3464-w?variant=45539377250543",B12A3K,https://oakandfort.com/cdn/shop/files/Black_small.jpg?v=677969834690041288,"https://oakandfort.com/cdn/shop/files/TShirt-3464_Black-16.jpg?v=1723055153&width=540"
CORE T-SHIRT,White,"https://oakandfort.com/products/classic-fit-t-shirt-ct-3464-w?variant=45609434218735",W8I20E,https://oakandfort.com/cdn/shop/files/White_small.jpg?v=16986410543905259445,"https://oakandfort.com/cdn/shop/files/TShirt-3464_White-7.jpg?v=1723055047&width=540"
CORE T-SHIRT,Grey Dawn,"https://oakandfort.com/products/classic-fit-t-shirt-ct-3464-w?variant=45628662644975",G18E25D1W14,https://oakandfort.com/cdn/shop/files/Grey_Dawn_small.jpg?v=6678454547265159316,"https://oakandfort.com/cdn/shop/files/TShirt-3464_Grey_Dawn-12.jpg?v=1723055095&width=540"
CORE T-SHIRT,Bluefin,"https://oakandfort.com/products/classic-fit-t-shirt-ct-3464-w?variant=45628662907119",B12U5F9N,https://oakandfort.com/cdn/shop/files/Bluefin_small.jpg?v=13272065824291033934,"https://oakandfort.com/cdn/shop/files/TShirt-3464_Bluefin-8.jpg?v=1723055056&width=540"
CORE T-SHIRT,Tea,"https://oakandfort.com/products/classic-fit-t-shirt-ct-3464-w?variant=45628663103727",T5A,https://oakandfort.com/cdn/shop/files/Tea_small.jpg?v=2246930205268652263,"https://oakandfort.com/cdn/shop/files/TShirt-3464_Tea-19.jpg?v=1723055172&width=540"
OVERSIZED KNIT SHIRT,Pinecone,"https://oakandfort.com/products/oversized-button-up-kt-6318-w?variant=45301374517487",P9N5C15N5,https://oakandfort.com/cdn/shop/files/Pinecone_small.jpg?v=12375648756052840416,"https://oakandfort.com/cdn/shop/files/TShirt-6318_Pinecone-1.jpg?v=1723834878&width=540"
OVERSIZED KNIT SHIRT,Vetiver,"https://oakandfort.com/products/oversized-button-up-kt-6318-w?variant=45301374320879",V5T9V5R,https://oakandfort.com/cdn/shop/files/Vetiver_small.jpg?v=10165615670105498515,"https://oakandfort.com/cdn/shop/files/TShirt-6318_Vetiver-5.jpg?v=1723834912&width=540"
OVERSIZED KNIT SHIRT,Oatmeal,"https://oakandfort.com/products/oversized-button-up-kt-6318-w?variant=45301373141231",O1T13E1L,https://oakandfort.com/cdn/shop/files/Oatmeal_small.jpg?v=11760778041658304853,"https://oakandfort.com/cdn/shop/files/TShirt-6318_Oatmeal-9.jpg?v=1726226309&width=540"
OVERSIZED KNIT SHIRT,Black,"https://oakandfort.com/products/oversized-button-up-kt-6318-w?variant=45301373108463",B12A3K,https://oakandfort.com/cdn/shop/files/Black_small.jpg?v=677969834690041288,"https://oakandfort.com/cdn/shop/files/TShirt-6318_Black-14.jpg?v=1726226309&width=540"
OVERSIZED KNIT SHIRT,Vapor Blue,"https://oakandfort.com/products/oversized-button-up-kt-6318-w?variant=45301374157039",V1P15R2L21E,https://oakandfort.com/cdn/shop/files/Vapor_Blue_small.jpg?v=11827335613073026834,"https://oakandfort.com/cdn/shop/files/TShirt-6318_Vapor_Blue-16.jpg?v=1723835151&width=540"
OVERSIZED KNIT SHIRT,ANTARCTICA,"https://oakandfort.com/products/oversized-button-up-kt-6318-w?variant=45301373993199",A14T1R3T9C1,https://oakandfort.com/cdn/shop/files/Antarctica_small.jpg?v=3053232186467731058,"https://oakandfort.com/cdn/shop/files/TShirt-6318_ANTARCTICA-26.jpg?v=1726226310&width=540"
OVERSIZED CARDIGAN,HIGH RISE,"https://oakandfort.com/products/oversized-cardigan?variant=45301375697135",H9G8R9S5,https://oakandfort.com/cdn/shop/files/High_Rise_small.jpg?v=9724120995203609680,"https://oakandfort.com/cdn/shop/files/Cardigan-7364_HIGH_RISE-1.jpg?v=1725570936&width=540"
OVERSIZED CARDIGAN,Black,"https://oakandfort.com/products/oversized-cardigan?variant=45301375336687",B12A3K,https://oakandfort.com/cdn/shop/files/Black_small.jpg?v=677969834690041288,"https://oakandfort.com/cdn/shop/files/Cardigan-7364_Black-6.jpg?v=1725570988&width=540"
REGULAR LENGTH 28" TWILL WIDE LEG PANT,Dark Cocoa,"https://oakandfort.com/products/reg-length-twill-wide-leg-pant-pt-12500-w?variant=45301441134831",D1R11C15C15A,https://oakandfort.com/cdn/shop/files/Dark_Cocoa_small.jpg?v=12191405829855701535,"https://oakandfort.com/cdn/shop/files/Pant-12500_Dark_Cocoa-1.jpg?v=1724889136&width=540"
REGULAR LENGTH 28" TWILL WIDE LEG PANT,Oatmeal,"https://oakandfort.com/products/reg-length-twill-wide-leg-pant-pt-12500-w?variant=45301439824111",O1T13E1L,https://oakandfort.com/cdn/shop/files/Oatmeal_small.jpg?v=11760778041658304853,"https://oakandfort.com/cdn/shop/files/Pant-12500_Oatmeal-6.jpg?v=1726226427&width=540"
REGULAR LENGTH 28" TWILL WIDE LEG PANT,Black,"https://oakandfort.com/products/reg-length-twill-wide-leg-pant-pt-12500-w?variant=45301439594735",B12A3K,https://oakandfort.com/cdn/shop/files/Black_small.jpg?v=677969834690041288,"https://oakandfort.com/cdn/shop/files/Pant-12500_Black-21.jpg?v=1726226426&width=540"
REGULAR LENGTH 28" TWILL WIDE LEG PANT,Vetiver,"https://oakandfort.com/products/reg-length-twill-wide-leg-pant-pt-12500-w?variant=45301440938223",V5T9V5R,https://oakandfort.com/cdn/shop/files/Vetiver_small.jpg?v=10165615670105498515,"https://oakandfort.com/cdn/shop/files/Pant-12500_Vetiver-26.jpg?v=1726781354&width=540"
REGULAR LENGTH 28" TWILL WIDE LEG PANT,Trench Coat,"https://oakandfort.com/products/reg-length-twill-wide-leg-pant-pt-12500-w?variant=45301440020719",T18E14C8C15A20,https://oakandfort.com/cdn/shop/files/Trench_Coat_small.jpg?v=11592988714322244651,"https://oakandfort.com/cdn/shop/files/Pant-12500_Trench_20Coat-13.jpg?v=1726226422&width=540"
REGULAR LENGTH 28" TWILL WIDE LEG PANT,Beechnut Green,"https://oakandfort.com/products/reg-length-twill-wide-leg-pant-pt-12500-w?variant=45301440217327",B5E3H14U20G18,https://oakandfort.com/cdn/shop/files/Beechnut_Green_small.jpg?v=5566848918801373654,"https://oakandfort.com/cdn/shop/files/Pant-12500_Beechnut_20Green-10.jpg?v=1726262552&width=540"
REGULAR LENGTH 28" TWILL WIDE LEG PANT,Bluefin,"https://oakandfort.com/products/reg-length-twill-wide-leg-pant-pt-12500-w?variant=45610195910895",B12U5F9N,https://oakandfort.com/cdn/shop/files/Bluefin_small.jpg?v=13272065824291033934,"https://oakandfort.com/cdn/shop/files/Pant-12500_Bluefin-6.jpg?v=1726226427&width=540"
REGULAR LENGTH 28" TWILL WIDE LEG PANT,Moss Grey,"https://oakandfort.com/products/reg-length-twill-wide-leg-pant-pt-12500-w?variant=45610196304111",M15S19G18E25,https://oakandfort.com/cdn/shop/files/Moss_Grey_small.jpg?v=3606493334640924413,"https://oakandfort.com/cdn/shop/files/Pant-12500_Moss_Grey-6.jpg?v=1726262552&width=540"
REGULAR LENGTH 28" TWILL WIDE LEG PANT,Vapor Blue,"https://oakandfort.com/products/reg-length-twill-wide-leg-pant-pt-12500-w?variant=45610196041967",V1P15R2L21E,https://oakandfort.com/cdn/shop/files/Vapor_Blue_small.jpg?v=11827335613073026834,"https://oakandfort.com/cdn/shop/files/Pant-12500_Vapor_20Blue-18.jpg?v=1726226426&width=540"
OVERSIZED CREWNECK SWEATER,Cream,"https://oakandfort.com/products/crewneck-oversized-sweater-sw-11309-w?variant=45301259174127",C18E1M,https://oakandfort.com/cdn/shop/files/Cream_small.jpg?v=14178783989632009784,"https://oakandfort.com/cdn/shop/files/Sweater-11309_Cream-1.jpg?v=1722471672&width=540"
OVERSIZED CREWNECK SWEATER,Black,"https://oakandfort.com/products/crewneck-oversized-sweater-sw-11309-w?variant=45301259075823",B12A3K,https://oakandfort.com/cdn/shop/files/Black_small.jpg?v=677969834690041288,"https://oakandfort.com/cdn/shop/files/Sweater-11309_Black-10.jpg?v=1723917687&width=540"
SATIN V-NECK SLIP MIDI DRESS,Black,"https://oakandfort.com/products/v-neck-midi-slip-dress-dr-11706-w?variant=45301566537967",B12A3K,https://oakandfort.com/cdn/shop/files/Black_small.jpg?v=677969834690041288,"https://oakandfort.com/cdn/shop/files/Dress-11706_Black-1.jpg?v=1726261157&width=540"
SATIN V-NECK SLIP MIDI DRESS,Cream,"https://oakandfort.com/products/v-neck-midi-slip-dress-dr-11706-w?variant=45301566734575",C18E1M,https://oakandfort.com/cdn/shop/files/Cream_small.jpg?v=14178783989632009784,"https://oakandfort.com/cdn/shop/files/Dress-11706_Cream-15.jpg?v=1726262702&width=540"
SATIN V-NECK SLIP MIDI DRESS,Moss Grey,"https://oakandfort.com/products/v-neck-midi-slip-dress-dr-11706-w?variant=45301567062255",M15S19G18E25,https://oakandfort.com/cdn/shop/files/Moss_Grey_small.jpg?v=3606493334640924413,"https://oakandfort.com/cdn/shop/files/Dress-11706_Moss_Grey-20.jpg?v=1726262703&width=540"
SATIN V-NECK SLIP MIDI DRESS,Bluefin,"https://oakandfort.com/products/v-neck-midi-slip-dress-dr-11706-w?variant=45610419257583",B12U5F9N,https://oakandfort.com/cdn/shop/files/Bluefin_small.jpg?v=13272065824291033934,"https://oakandfort.com/cdn/shop/files/Dress-11706_Bluefin-6.jpg?v=1726262703&width=540"
SATIN V-NECK SLIP MIDI DRESS,Tea,"https://oakandfort.com/products/v-neck-midi-slip-dress-dr-11706-w?variant=45301565948143",T5A,https://oakandfort.com/cdn/shop/files/Tea_small.jpg?v=2246930205268652263,"https://oakandfort.com/cdn/shop/files/Dress-11706_Tea-4.jpg?v=1726262704&width=540"
SATIN V-NECK SLIP MIDI DRESS,Trench Coat,"https://oakandfort.com/products/v-neck-midi-slip-dress-dr-11706-w?variant=45301566144751",T18E14C8C15A20,https://oakandfort.com/cdn/shop/files/Trench_Coat_small.jpg?v=11592988714322244651,"https://oakandfort.com/cdn/shop/files/Dress-11706_Trench_Coat-10.jpg?v=1726261381&width=540"
SATIN V-NECK SLIP MIDI DRESS,MAGANO CALCITE,"https://oakandfort.com/products/v-neck-midi-slip-dress-dr-11706-w?variant=45301566341359",M1G1N15C1L3,https://oakandfort.com/cdn/shop/files/Magano_Calcite_small.jpg?v=13216688989303802133,"https://oakandfort.com/cdn/shop/files/Dress-11706_MAGANO_CALCITE-17.jpg?v=1726261435&width=540"
TWILL SHORT,Moss Grey,"https://oakandfort.com/products/twill-shorts-sh-10404-w?variant=45301557231855",M15S19G18E25,https://oakandfort.com/cdn/shop/files/Moss_Grey_small.jpg?v=3606493334640924413,"https://oakandfort.com/cdn/shop/files/Short-10404_Moss_Grey-2.jpg?v=1721415903&width=540"
TWILL SHORT,Black,"https://oakandfort.com/products/twill-shorts-sh-10404-w?variant=45301556674799",B12A3K,https://oakandfort.com/cdn/shop/files/Black_small.jpg?v=677969834690041288,"https://oakandfort.com/cdn/shop/files/Short-10404_Black-1.jpg?v=1726226550&width=540"
TWILL SHORT,Cream,"https://oakandfort.com/products/twill-shorts-sh-10404-w?variant=45301556904175",C18E1M,https://oakandfort.com/cdn/shop/files/Cream_small.jpg?v=14178783989632009784,"https://oakandfort.com/cdn/shop/files/Short-10404_Cream-6.jpg?v=1726226556&width=540"
PLEATED LOUNGE PANT,Granite Grey,"https://oakandfort.com/products/pleated-loungewear-pant-pt-8196-w?variant=45301393916143",G18A14I20E7R5,https://oakandfort.com/cdn/shop/files/Granite_Grey_small.jpg?v=1493646857248779198,"https://oakandfort.com/cdn/shop/files/Pant-8196_Granite_20Grey-1.jpg?v=1721969935&width=540"
PLEATED LOUNGE PANT,Black,"https://oakandfort.com/products/pleated-loungewear-pant-pt-8196-w?variant=45301393653999",B12A3K,https://oakandfort.com/cdn/shop/files/Black_small.jpg?v=677969834690041288,"https://oakandfort.com/cdn/shop/files/Pant-8196_Black-13.jpg?v=1726226348&width=540"
PLEATED LOUNGE PANT,Misty Blue,"https://oakandfort.com/products/pleated-loungewear-pant-pt-8196-w?variant=45610117693679",M9S20Y2L21E,https://oakandfort.com/cdn/shop/files/Misty_Blue_small.jpg?v=11879835179243388665,"https://oakandfort.com/cdn/shop/files/Pant-8196_Granite_20Grey-1.jpg?v=1721969935&width=540"
PLEATED LOUNGE PANT,Lucky Green,"https://oakandfort.com/products/pleated-loungewear-pant-pt-8196-w?variant=45610117628143",L21C11Y7R5E14,https://oakandfort.com/cdn/shop/files/Lucky_Green_small.jpg?v=5786178412108181305,"https://oakandfort.com/cdn/shop/files/Pant-8196_Granite_20Grey-1.jpg?v=1721969935&width=540"
PLEATED LOUNGE PANT,Teak,"https://oakandfort.com/products/pleated-loungewear-pant-pt-8196-w?variant=45610117791983",T5A11,https://oakandfort.com/cdn/shop/files/Teak_small.jpg?v=6048515743667000254,"https://oakandfort.com/cdn/shop/files/Pant-8196_Granite_20Grey-1.jpg?v=1721969935&width=540"
PLEATED LOUNGE PANT,Vetiver,"https://oakandfort.com/products/pleated-loungewear-pant-pt-8196-w?variant=45301394145519",V5T9V5R,https://oakandfort.com/cdn/shop/files/Vetiver_small.jpg?v=10165615670105498515,"https://oakandfort.com/cdn/shop/files/Pant-8196_Vetiver-17.jpg?v=1726226349&width=540"
SLEEVELESS RIB-KNIT DISTRESSED MIDI DRESS,Paloma,"https://oakandfort.com/products/sleeveless-crochet-midi-dress-dr-12309-w?variant=45624763384047",P1L15M1,https://oakandfort.com/cdn/shop/files/Paloma_small.jpg?v=14109305306326548224,"https://oakandfort.com/cdn/shop/files/Dress-12309_Paloma-1.jpg?v=1722554169&width=540"
SLEEVELESS RIB-KNIT DISTRESSED MIDI DRESS,Lava Smoke,"https://oakandfort.com/products/sleeveless-crochet-midi-dress-dr-12309-w?variant=45624763547887",L1V1S13O11E,https://oakandfort.com/cdn/shop/files/Lava_Smoke_small.jpg?v=7747205491280637703,"https://oakandfort.com/cdn/shop/files/Dress-12309_Lava_Smoke-7.jpg?v=1722554169&width=540"
LONG SLEEVE TOP WITH FRONT TIES,Black,"https://oakandfort.com/products/sheer-knit-top-kt-11225-w?variant=45300425130223",B12A3K,https://oakandfort.com/cdn/shop/files/Black_small.jpg?v=677969834690041288,"https://oakandfort.com/cdn/shop/files/TShirt-11225_Black-1_7157f66e-6653-4c51-99d8-2fd86cc40fee.jpg?v=1721418255&width=540"
LONG SLEEVE TOP WITH FRONT TIES,Taupe Grey,"https://oakandfort.com/products/sheer-knit-top-kt-11225-w?variant=45300425294063",T1U16E7R5Y,https://oakandfort.com/cdn/shop/files/Taupe_Grey_small.jpg?v=3290109448222975875,"https://oakandfort.com/cdn/shop/files/TShirt-11225_Taupe_20Grey-8.jpg?v=1726225238&width=540"
CHUNKY SWEATER,Vintage Indigo,"https://oakandfort.com/products/chunky-sweater?variant=45301235777775",V9N20A7E9N4,https://oakandfort.com/cdn/shop/files/Vintage_Indigo_small.jpg?v=14210797169129911469,"https://oakandfort.com/cdn/shop/files/Sweater-8360_Vintage_Indigo-1.jpg?v=1726531932&width=540"
CHUNKY SWEATER,Oatmeal,"https://oakandfort.com/products/chunky-sweater?variant=45301235613935",O1T13E1L,https://oakandfort.com/cdn/shop/files/Oatmeal_small.jpg?v=11760778041658304853,"https://oakandfort.com/cdn/shop/files/Sweater-8360_Oatmeal-4.jpg?v=1726532006&width=540"
CHUNKY SWEATER,Black,"https://oakandfort.com/products/chunky-sweater?variant=45301235089647",B12A3K,https://oakandfort.com/cdn/shop/files/Black_small.jpg?v=677969834690041288,"https://oakandfort.com/cdn/shop/files/Sweater-8360_Black-11.jpg?v=1726532015&width=540"
WIDE LEG PANT,Black,"https://oakandfort.com/products/wide-leg-trouser-pt-8193-w?variant=45301602484463",B12A3K,https://oakandfort.com/cdn/shop/files/Black_small.jpg?v=677969834690041288,"https://oakandfort.com/cdn/shop/files/Pant-8193_Black-1.jpg?v=1726262733&width=540"
WIDE LEG PANT,Oatmeal,"https://oakandfort.com/products/wide-leg-trouser-pt-8193-w?variant=45301602877679",O1T13E1L,https://oakandfort.com/cdn/shop/files/Oatmeal_small.jpg?v=11760778041658304853,"https://oakandfort.com/cdn/shop/files/Pant-8193_Oatmeal-1.jpg?v=1721972954&width=540"
WIDE LEG PANT,Storm,"https://oakandfort.com/products/wide-leg-trouser-pt-8193-w?variant=45301603074287",S20O18M,https://oakandfort.com/cdn/shop/files/Storm_small.jpg?v=2272969773001584109,"https://oakandfort.com/cdn/shop/files/Pant-8193_Oatmeal-1.jpg?v=1721972954&width=540"
WIDE LEG PANT,Gunmetal,"https://oakandfort.com/products/wide-leg-trouser-pt-8193-w?variant=45301603369199",G21N13E20A12,https://oakandfort.com/cdn/shop/files/Gunmetal_small.jpg?v=18155305139471066507,"https://oakandfort.com/cdn/shop/files/Pant-8193_Oatmeal-1.jpg?v=1721972954&width=540"
WIDE LEG PANT,Cloudburst,"https://oakandfort.com/products/wide-leg-trouser-pt-8193-w?variant=45301603664111",C12O21D2U18S20,https://oakandfort.com/cdn/shop/files/Cloudburst_small.jpg?v=14840451697680299695,"https://oakandfort.com/cdn/shop/files/Pant-8193_Cloudburst-6.jpg?v=1721972954&width=540"
SLEEVELESS COLLARED KNIT TANK,Black Birch,"https://oakandfort.com/products/sleeveless-polo-tank-sw-12277-w?variant=45300927103215",B12A3K2I18C8,https://oakandfort.com/cdn/shop/files/Black_Birch_small.jpg?v=12664320251244628370,"https://oakandfort.com/cdn/shop/files/Sweater-12277_Black_20Birch-1.jpg?v=1721963563&width=540"
SLEEVELESS COLLARED KNIT TANK,Birch Bluefin,"https://oakandfort.com/products/sleeveless-polo-tank-sw-12277-w?variant=45300927267055",B9R3H2L21E6,https://oakandfort.com/cdn/shop/files/Birch_Bluefin_small.jpg?v=6714015027192502007,"https://oakandfort.com/cdn/shop/files/Sweater-12277_Birch_20Bluefin-6.jpg?v=1726225868&width=540"
CROPPED SWEATER TANK,Black,"https://oakandfort.com/products/sweater-tank-sw-9916-w?variant=45301527445743",B12A3K,https://oakandfort.com/cdn/shop/files/Black_small.jpg?v=677969834690041288,"https://oakandfort.com/cdn/shop/files/Sweater-9916_Cream_20Black-1.jpg?v=1721971833&width=540"
CROPPED SWEATER TANK,Cream Black,"https://oakandfort.com/products/sweater-tank-sw-9916-w?variant=45301527478511",C18E1M2L1C11,https://oakandfort.com/cdn/shop/files/Cream_Black_small.jpg?v=7025220228925751630,"https://oakandfort.com/cdn/shop/files/Sweater-9916_Cream_20Black-1.jpg?v=1721971833&width=540"
CROCHET KNIT SKIRT WITH WRAP BELT,Birch,"https://oakandfort.com/products/low-waist-tie-skirt-sk-9906-w?variant=45301346599151",B9R3H,https://oakandfort.com/cdn/shop/files/Birch_small.jpg?v=16325371642758249836,"https://oakandfort.com/cdn/shop/files/Skirt-9906_Birch-1.jpg?v=1721968959&width=540"
CROCHET KNIT SKIRT WITH WRAP BELT,Black,"https://oakandfort.com/products/low-waist-tie-skirt-sk-9906-w?variant=45301346304239",B12A3K,https://oakandfort.com/cdn/shop/files/Black_small.jpg?v=677969834690041288,"https://oakandfort.com/cdn/shop/files/Skirt-9906_Black-10.jpg?v=1726226259&width=540"
CROCHET KNIT SKIRT WITH WRAP BELT,Cream,"https://oakandfort.com/products/low-waist-tie-skirt-sk-9906-w?variant=45301346468079",C18E1M,https://oakandfort.com/cdn/shop/files/Cream_small.jpg?v=14178783989632009784,"https://oakandfort.com/cdn/shop/files/Skirt-9906_Birch-1.jpg?v=1721968959&width=540"
STRAIGHT LEG TWILL PANT WITH FRAYED SIDES,Cream,"https://oakandfort.com/products/twill-pant-with-distressing-details-pt-11879-w?variant=45301551595759",C18E1M,https://oakandfort.com/cdn/shop/files/Cream_small.jpg?v=14178783989632009784,"https://oakandfort.com/cdn/shop/files/Pant-11879_Cream-1.jpg?v=1721972182&width=540"
STRAIGHT LEG TWILL PANT WITH FRAYED SIDES,Mermaid,"https://oakandfort.com/products/twill-pant-with-distressing-details-pt-11879-w?variant=45301551366383",M5R13A9D,https://oakandfort.com/cdn/shop/files/Mermaid_small.jpg?v=10352404381201237656,"https://oakandfort.com/cdn/shop/files/Pant-11879_Mermaid-10.jpg?v=1726226547&width=540"
WIDE LEG SUITING PANT WITH CARGO POCKETS,Cream,"https://oakandfort.com/products/suiting-cargo-pant-pt-11867-w?variant=45301501657327",C18E1M,https://oakandfort.com/cdn/shop/files/Cream_small.jpg?v=14178783989632009784,"https://oakandfort.com/cdn/shop/files/Pant-11867_Cream-1.jpg?v=1721971548&width=540"
WIDE LEG SUITING PANT WITH CARGO POCKETS,Black,"https://oakandfort.com/products/suiting-cargo-pant-pt-11867-w?variant=45301501427951",B12A3K,https://oakandfort.com/cdn/shop/files/Black_small.jpg?v=677969834690041288,"https://oakandfort.com/cdn/shop/files/Pant-11867_Black-17.jpg?v=1726226493&width=540"
LACE TANK TOP,Black,"https://oakandfort.com/products/sleeveless-lace-tank-kt-11730-w?variant=45301449130223",B12A3K,https://oakandfort.com/cdn/shop/files/Black_small.jpg?v=677969834690041288,"https://oakandfort.com/cdn/shop/files/TShirt-11730_Black-6.jpg?v=1726226426&width=540"
LACE TANK TOP,Abbey Stone,"https://oakandfort.com/products/sleeveless-lace-tank-kt-11730-w?variant=45301449261295",A2B5Y19T15N5,https://oakandfort.com/cdn/shop/files/Abbey_Stone_small.jpg?v=11359326085963340145,"https://oakandfort.com/cdn/shop/files/TShirt-11730_Abbey_20Stone-1.jpg?v=1721970879&width=540"
PONTE KNIT MINI SKIRT,Black,"https://oakandfort.com/products/ponte-mini-skirt-sk-10567-w?variant=45301410267375",B12A3K,https://oakandfort.com/cdn/shop/files/Black_small.jpg?v=677969834690041288,"https://oakandfort.com/cdn/shop/files/Skirt-10567_Black-8.jpg?v=1723233013&width=540"
PONTE KNIT MINI SKIRT,Cream,"https://oakandfort.com/products/ponte-mini-skirt-sk-10567-w?variant=45301410496751",C18E1M,https://oakandfort.com/cdn/shop/files/Cream_small.jpg?v=14178783989632009784,"https://oakandfort.com/cdn/shop/files/Skirt-10567_Cream-1.jpg?v=1721970210&width=540"
VARSITY HALF ZIP PULLOVER,Fog Kalamata,"https://oakandfort.com/products/ls-varsity-pullover-kt-11729-w?variant=45301354889455",F15G11A12A13A20,https://oakandfort.com/cdn/shop/files/Fog_Kalamata_small.jpg?912,"https://oakandfort.com/cdn/shop/files/TShirt-11729_Fog_20Kalamata-1.jpg?v=1721969162&width=540"
VARSITY HALF ZIP PULLOVER,Kalamata Fog,"https://oakandfort.com/products/ls-varsity-pullover-kt-11729-w?variant=45301354987759",K1L1M1T1F15,https://oakandfort.com/cdn/shop/files/Kalamata_Fog_small.jpg?912,"https://oakandfort.com/cdn/shop/files/TShirt-11729_Kalamata_20Fog-6.jpg?v=1723989939&width=540"
SLEEVELESS MOCKNECK HALF-ZIP SWEATER,Black,"https://oakandfort.com/products/half-zip-mockneck-sw-11894-w?variant=45301312356591",B12A3K,https://oakandfort.com/cdn/shop/files/Black_small.jpg?v=677969834690041288,"https://oakandfort.com/cdn/shop/files/Sweater-11894_Black-1.jpg?v=1721968285&width=540"
SLEEVELESS MOCKNECK HALF-ZIP SWEATER,Cream,"https://oakandfort.com/products/half-zip-mockneck-sw-11894-w?variant=45301312520431",C18E1M,https://oakandfort.com/cdn/shop/files/Cream_small.jpg?v=14178783989632009784,"https://oakandfort.com/cdn/shop/files/Sweater-11894_Cream-9.jpg?v=1726226202&width=540"
CREWNECK SWEATER,Major Brown,"https://oakandfort.com/products/crewneck-drop-shoulder-sw-7720-w?variant=45301286535407",M1J15R2R15W14,https://oakandfort.com/cdn/shop/files/Major_Brown_small.jpg?v=17267024640640740443,"https://oakandfort.com/cdn/shop/files/Sweater-7720_Major_Brown-1.jpg?v=1723842671&width=540"
CREWNECK SWEATER,Black,"https://oakandfort.com/products/crewneck-drop-shoulder-sw-7720-w?variant=45301286600943",B12A3K,https://oakandfort.com/cdn/shop/files/Black_small.jpg?v=677969834690041288,"https://oakandfort.com/cdn/shop/files/Sweater-7720_Black-6.jpg?v=1724193117&width=540"
CREWNECK SWEATER,NUTHATCH,"https://oakandfort.com/products/crewneck-drop-shoulder-sw-7720-w?variant=45301286928623",N21T8A20C8,https://oakandfort.com/cdn/shop/files/Nuthatch_small.jpg?v=15725286323268956613,"https://oakandfort.com/cdn/shop/files/Sweater-7720_NUTHATCH-10.jpg?v=1723842671&width=540"
SCOOP NECKLINE BODYSUIT,Black,"https://oakandfort.com/products/u-neck-bodysuit-kt-11222-w?variant=45301020721391",B12A3K,https://oakandfort.com/cdn/shop/files/Black_small.jpg?v=677969834690041288,"https://oakandfort.com/cdn/shop/files/TShirt-11222_Black-6.jpg?v=1726226012&width=540"
SCOOP NECKLINE BODYSUIT,White,"https://oakandfort.com/products/u-neck-bodysuit-kt-11222-w?variant=45301020885231",W8I20E,https://oakandfort.com/cdn/shop/files/White_small.jpg?v=16986410543905259445,"https://oakandfort.com/cdn/shop/files/TShirt-11222_White-13.jpg?v=1726226013&width=540"
SCOOP NECKLINE BODYSUIT,GARGOYLE,"https://oakandfort.com/products/u-neck-bodysuit-kt-11222-w?variant=45301021049071",G1R7O25L5,https://oakandfort.com/cdn/shop/files/Gargoyle_small.jpg?v=10080941228556874263,"https://oakandfort.com/cdn/shop/files/TShirt-11222_GARGOYLE-1.jpg?v=1721965820&width=540"
STRAPPY WEDGE SANDAL,Black,"https://oakandfort.com/products/strappy-wedge-sandal?variant=45300966031599",B12A3K,https://oakandfort.com/cdn/shop/files/Black_small.jpg?v=677969834690041288,"https://oakandfort.com/cdn/shop/files/Heel-12026_Black-17.jpg?v=1726225931&width=540"
STRAPPY WEDGE SANDAL,Silver,"https://oakandfort.com/products/strappy-wedge-sandal?variant=45300966228207",S9L22E18,https://oakandfort.com/cdn/shop/files/Silver_small.jpg?v=229209386505950954,"https://oakandfort.com/cdn/shop/files/Heel-12026_Silver-1.jpg?v=1721964626&width=540"
SATIN CARGO PANT,Black,"https://oakandfort.com/products/satin-cargo-pants-pt-11872-w?variant=45300907409647",B12A3K,https://oakandfort.com/cdn/shop/files/Black_small.jpg?v=677969834690041288,"https://oakandfort.com/cdn/shop/files/Pant-11872_Black-1.jpg?v=1721962912&width=540"
SATIN CARGO PANT,Trench Coat,"https://oakandfort.com/products/satin-cargo-pants-pt-11872-w?variant=45300907671791",T18E14C8C15A20,https://oakandfort.com/cdn/shop/files/Trench_Coat_small.jpg?v=11592988714322244651,"https://oakandfort.com/cdn/shop/files/Pant-11872_Trench_20Coat-6.jpg?v=1726225835&width=540"
RIBBED OFF THE SHOULDER MIDI DRESS,Black,"https://oakandfort.com/products/off-shoulder-sweater-dress-dr-11229-w?variant=45300832370927",B12A3K,https://oakandfort.com/cdn/shop/files/Black_small.jpg?v=677969834690041288,"https://oakandfort.com/cdn/shop/files/Dress-11229_Black-11.jpg?v=1726225698&width=540"
RIBBED OFF THE SHOULDER MIDI DRESS,Paloma,"https://oakandfort.com/products/off-shoulder-sweater-dress-dr-11229-w?variant=45300832600303",P1L15M1,https://oakandfort.com/cdn/shop/files/Paloma_small.jpg?v=14109305306326548224,"https://oakandfort.com/cdn/shop/files/Dress-11229_Paloma-1.jpg?v=1721960393&width=540"
SUITING MINI SKIRT,Black,"https://oakandfort.com/products/mini-suiting-skirt-sk-11838-w?variant=45300819132655",B12A3K,https://oakandfort.com/cdn/shop/files/Black_small.jpg?v=677969834690041288,"https://oakandfort.com/cdn/shop/files/Skirt-11838_Black-6.jpg?v=1726225670&width=540"
SUITING MINI SKIRT,Paloma,"https://oakandfort.com/products/mini-suiting-skirt-sk-11838-w?variant=45300819427567",P1L15M1,https://oakandfort.com/cdn/shop/files/Paloma_small.jpg?v=14109305306326548224,"https://oakandfort.com/cdn/shop/files/Skirt-11838_Paloma-1.jpg?v=1721959911&width=540"
MINI NYLON CARGO SKIRT,Black,"https://oakandfort.com/products/mini-nylon-skirt-sk-11840-w?variant=45300816609519",B12A3K,https://oakandfort.com/cdn/shop/files/Black_small.jpg?v=677969834690041288,"https://oakandfort.com/cdn/shop/files/Skirt-11840_Black-1.jpg?v=1721959832&width=540"
MINI NYLON CARGO SKIRT,Mermaid,"https://oakandfort.com/products/mini-nylon-skirt-sk-11840-w?variant=45300816871663",M5R13A9D,https://oakandfort.com/cdn/shop/files/Mermaid_small.jpg?v=10352404381201237656,"https://oakandfort.com/cdn/shop/files/Skirt-11840_Mermaid-6.jpg?v=1726225666&width=540"
FUZZY SWEATER VEST,Fog,"https://oakandfort.com/products/furry-vest-sw-11895-w?variant=45300766048495",F15G,https://oakandfort.com/cdn/shop/files/Fog_small.jpg?v=2388656013558943149,"https://oakandfort.com/cdn/shop/files/Sweater-11895_Fog-1.jpg?v=1724878433&width=540"
FUZZY SWEATER VEST,Ballad Blue,"https://oakandfort.com/products/furry-vest-sw-11895-w?variant=45300766179567",B1L12A4B12U5,https://oakandfort.com/cdn/shop/files/Ballad_Blue_small.jpg?v=15701769911420424737,"https://oakandfort.com/cdn/shop/files/Sweater-11895_Ballad_20Blue-6.jpg?v=1724895491&width=540"
FRONT SLIT DENIM MIDI SKIRT,Bleached,"https://oakandfort.com/products/front-split-denim-maxi-skirt-sk-12073-w?variant=45300765393135",B12E1C8E4,https://oakandfort.com/cdn/shop/files/Bleached_small.jpg?v=13795284893245478326,"https://oakandfort.com/cdn/shop/files/Skirt-12073_Bleached-1.jpg?v=1721957964&width=540"
RIBBED SHOULDER CUTOUT SWEATER,Black,"https://oakandfort.com/products/cut-out-shoulder-top-sw-11295-w?variant=45300725088495",B12A3K,https://oakandfort.com/cdn/shop/files/Black_small.jpg?v=677969834690041288,"https://oakandfort.com/cdn/shop/files/Sweater-11295_Black-1.jpg?v=1721956704&width=540"
RIBBED SHOULDER CUTOUT SWEATER,White,"https://oakandfort.com/products/cut-out-shoulder-top-sw-11295-w?variant=45300725219567",W8I20E,https://oakandfort.com/cdn/shop/files/White_small.jpg?v=16986410543905259445,"https://oakandfort.com/cdn/shop/files/Sweater-11295_White-8.jpg?v=1726225484&width=540"
LONG CARGO DENIM SHORT,Vintage Blue,"https://oakandfort.com/products/cargo-long-short-sh-11855-w?variant=45300640547055",V9N20A7E2L21,https://oakandfort.com/cdn/shop/files/Vintage_Blue_small.jpg?v=8388037174068024937,"https://oakandfort.com/cdn/shop/files/Short-11855_Vintage_20Blue-1.jpg?v=1721954870&width=540"
DISTRESSED SLEEVELESS SWEATER,Cream,"https://oakandfort.com/products/distressed-sweater-tank-sw-11899-w?variant=45300159086831",C18E1M,https://oakandfort.com/cdn/shop/files/Cream_small.jpg?v=14178783989632009784,"https://oakandfort.com/cdn/shop/files/Sweater-11899_Cream-1.jpg?v=1722535925&width=540"
DISTRESSED SLEEVELESS SWEATER,Black,"https://oakandfort.com/products/distressed-sweater-tank-sw-11899-w?variant=45300158922991",B12A3K,https://oakandfort.com/cdn/shop/files/Black_small.jpg?v=677969834690041288,"https://oakandfort.com/cdn/shop/files/Sweater-11899_Black-6.jpg?v=1726225114&width=540"
DENIM MINI SKIRT,Light Stone,"https://oakandfort.com/products/90s-denim-skirt-sk-12293-w?variant=45624746574063",L9G8T19T15N5,https://oakandfort.com/cdn/shop/files/Light_Stone_small.jpg?v=12090317947746839369,"https://oakandfort.com/cdn/shop/files/Skirt-12293_Light_Stone-1.jpg?v=1721535494&width=540"
DENIM MINI SKIRT,Sand Wash,"https://oakandfort.com/products/90s-denim-skirt-sk-12293-w?variant=45624746803439",S1N4W1S8,https://oakandfort.com/cdn/shop/files/Sand_Wash_small.jpg?v=13662608024585143228,"https://oakandfort.com/cdn/shop/files/Skirt-12293_Sand_Wash-4.jpg?v=1721535494&width=540"
TWILL SHORT SLEEVE SHIRT,Cream,"https://oakandfort.com/products/twill-shirt-wt-9941-w?variant=45301555658991",C18E1M,https://oakandfort.com/cdn/shop/files/Cream_small.jpg?v=14178783989632009784,"https://oakandfort.com/cdn/shop/files/Blouse-9941_Oatmeal-1.jpg?v=1721972232&width=540"
TWILL SHORT SLEEVE SHIRT,Elm,"https://oakandfort.com/products/twill-shirt-wt-9941-w?variant=45301555822831",E12M,https://oakandfort.com/cdn/shop/files/Elm_small.jpg?v=5694214040129623181,"https://oakandfort.com/cdn/shop/files/Blouse-9941_Oatmeal-1.jpg?v=1721972232&width=540"
TWILL SHORT SLEEVE SHIRT,Black,"https://oakandfort.com/products/twill-shirt-wt-9941-w?variant=45301555986671",B12A3K,https://oakandfort.com/cdn/shop/files/Black_small.jpg?v=677969834690041288,"https://oakandfort.com/cdn/shop/files/Blouse-9941_Black-8.jpg?v=1726226550&width=540"
TWILL SHORT SLEEVE SHIRT,Oatmeal,"https://oakandfort.com/products/twill-shirt-wt-9941-w?variant=45301556150511",O1T13E1L,https://oakandfort.com/cdn/shop/files/Oatmeal_small.jpg?v=11760778041658304853,"https://oakandfort.com/cdn/shop/files/Blouse-9941_Oatmeal-1.jpg?v=1721972232&width=540"
SUITING TUBE TOP,Black,"https://oakandfort.com/products/suiting-tube-top-wt-12484-w?variant=45301503852783",B12A3K,https://oakandfort.com/cdn/shop/files/Black_small.jpg?v=677969834690041288,"https://oakandfort.com/cdn/shop/files/Blouse-12484_Black-1.jpg?v=1721971587&width=540"
SUITING TUBE TOP,Pelican,"https://oakandfort.com/products/suiting-tube-top-wt-12484-w?variant=45301504016623",P5L9C1N,https://oakandfort.com/cdn/shop/files/Pelican_small.jpg?v=2663240252295810348,"https://oakandfort.com/cdn/shop/files/Blouse-12484_Pelican-6.jpg?v=1726226498&width=540"
WIDE LEG SUITING PANT,Paloma,"https://oakandfort.com/products/relaxed-fit-suiting-pant-pt-11865-w?variant=45301424161007",P1L15M1,https://oakandfort.com/cdn/shop/files/Paloma_small.jpg?v=14109305306326548224,"https://oakandfort.com/cdn/shop/files/Pant-11865_Paloma-1.jpg?v=1721970459&width=540"
WIDE LEG SUITING PANT,Black,"https://oakandfort.com/products/relaxed-fit-suiting-pant-pt-11865-w?variant=45301423833327",B12A3K,https://oakandfort.com/cdn/shop/files/Black_small.jpg?v=677969834690041288,"https://oakandfort.com/cdn/shop/files/Pant-11865_Black-10.jpg?v=1726226394&width=540"
"REFINED" GRAPHIC SWEATSHIRT,Cream,"https://oakandfort.com/products/refined-sweatshirt-kt-13151-w?variant=45301417869551",C18E1M,https://oakandfort.com/cdn/shop/files/Cream_small.jpg?v=14178783989632009784,"https://oakandfort.com/cdn/shop/files/TShirt-13151_Cream-1.jpg?v=1721970352&width=540"
"REFINED" BABY TEE,Black,"https://oakandfort.com/products/refined-baby-tee-kt-13157-w?variant=45301414985967",B12A3K,https://oakandfort.com/cdn/shop/files/Black_small.jpg?v=677969834690041288,"https://oakandfort.com/cdn/shop/files/TShirt-13157_Black-6.jpg?v=1721970297&width=540"
"REFINED" BABY TEE,White,"https://oakandfort.com/products/refined-baby-tee-kt-13157-w?variant=45301415149807",W8I20E,https://oakandfort.com/cdn/shop/files/White_small.jpg?v=16986410543905259445,"https://oakandfort.com/cdn/shop/files/TShirt-13157_White-1.jpg?v=1721970297&width=540"
FITTED ZIP-UP HOODIE,Black,"https://oakandfort.com/products/ls-zip-up-fitted-hoodie-kt-13158-w?variant=45301355446511",B12A3K,https://oakandfort.com/cdn/shop/files/Black_small.jpg?v=677969834690041288,"https://oakandfort.com/cdn/shop/files/TShirt-13158_Black-1.jpg?v=1721969180&width=540"
FITTED ZIP-UP HOODIE,Cream,"https://oakandfort.com/products/ls-zip-up-fitted-hoodie-kt-13158-w?variant=45301355610351",C18E1M,https://oakandfort.com/cdn/shop/files/Cream_small.jpg?v=14178783989632009784,"https://oakandfort.com/cdn/shop/files/TShirt-13158_Cream-6.jpg?v=1723989941&width=540"
ULTRA CROPPED BUTTON UP TOP,Black,"https://oakandfort.com/products/ultra-cropped-button-up-top?variant=45301021802735",B12A3K,https://oakandfort.com/cdn/shop/files/Black_small.jpg?v=677969834690041288,"https://oakandfort.com/cdn/shop/files/TShirt-12594_Black-1.jpg?v=1721965840&width=540"
ULTRA CROPPED BUTTON UP TOP,White,"https://oakandfort.com/products/ultra-cropped-button-up-top?variant=45301021704431",W8I20E,https://oakandfort.com/cdn/shop/files/White_small.jpg?v=16986410543905259445,"https://oakandfort.com/cdn/shop/files/TShirt-12594_White-6.jpg?v=1726226012&width=540"
PINSTRIPE SHORT,Red,"https://oakandfort.com/products/pinstripe-shorts?variant=45300860027119",R5D,https://oakandfort.com/cdn/shop/files/Red_small.jpg?v=12344919239448407480,"https://oakandfort.com/cdn/shop/files/Short-13746_Red-1.jpg?v=1721961298&width=540"
PINSTRIPE SHORT,Navy,"https://oakandfort.com/products/pinstripe-shorts?variant=45300859928815",N1V25,https://oakandfort.com/cdn/shop/files/Navy_small.jpg?v=2957755269955511523,"https://oakandfort.com/cdn/shop/files/Short-13746_Navy-7.jpg?v=1726225751&width=540"
COWL NECKLINE OFF SHOULDER MIDI DRESS,Black,"https://oakandfort.com/products/column-dress-dr-11714-w?variant=45300680786159",B12A3K,https://oakandfort.com/cdn/shop/files/Black_small.jpg?v=677969834690041288,"https://oakandfort.com/cdn/shop/files/Dress-11714_Black-1.jpg?v=1721955532&width=540"
COWL NECKLINE OFF SHOULDER MIDI DRESS,Paloma,"https://oakandfort.com/products/column-dress-dr-11714-w?variant=45300680982767",P1L15M1,https://oakandfort.com/cdn/shop/files/Paloma_small.jpg?v=14109305306326548224,"https://oakandfort.com/cdn/shop/files/Dress-11714_Paloma-6.jpg?v=1722972141&width=540"
CROPPED LACE-UP CARDIGAN,Black,"https://oakandfort.com/products/lace-up-cardigan-cg-11906-w?variant=45300386988271",B12A3K,https://oakandfort.com/cdn/shop/files/Black_small.jpg?v=677969834690041288,"https://oakandfort.com/cdn/shop/files/Cardigan-11906_Black-1.jpg?v=1721951781&width=540"
CROPPED LACE-UP CARDIGAN,Kalamata,"https://oakandfort.com/products/lace-up-cardigan-cg-11906-w?variant=45300387119343",K1L1M1T1,https://oakandfort.com/cdn/shop/files/Kalamata_small.jpg?v=17373236127135661156,"https://oakandfort.com/cdn/shop/files/Cardigan-11906_Kalamata-6.jpg?v=1726225167&width=540"
CROPPED RUFFLE TOP,White,"https://oakandfort.com/products/cropped-ruffle-top?variant=45650954879215",W8I20E,https://oakandfort.com/cdn/shop/files/White_small.jpg?v=16986410543905259445,"https://oakandfort.com/cdn/shop/files/TShirt-13907_White-1.jpg?v=1722528410&width=540"
CROPPED RUFFLE TOP,Sky Blue,"https://oakandfort.com/products/cropped-ruffle-top?variant=45650955043055",S11Y2L21E,https://oakandfort.com/cdn/shop/files/Sky_Blue_small.jpg?v=7541279862351648990,"https://oakandfort.com/cdn/shop/files/TShirt-13907_Sky_Blue-6.jpg?v=1722528409&width=540"
HIGH-RISE WIDE LEG SUITING PANT,Black,"https://oakandfort.com/products/wide-leg-suiting-pant-pt-11874-w?variant=45301599174895",B12A3K,https://oakandfort.com/cdn/shop/files/Black_small.jpg?v=677969834690041288,"https://oakandfort.com/cdn/shop/files/Pant-11874_Black-1.jpg?v=1721972902&width=540"
HIGH-RISE WIDE LEG SUITING PANT,Cream,"https://oakandfort.com/products/wide-leg-suiting-pant-pt-11874-w?variant=45301599404271",C18E1M,https://oakandfort.com/cdn/shop/files/Cream_small.jpg?v=14178783989632009784,"https://oakandfort.com/cdn/shop/files/Pant-11874_Cream-6.jpg?v=1726226604&width=540"
MID-RISE FLARED PANT,Black,"https://oakandfort.com/products/suiting-pant-with-straps-pt-11875-w?variant=45301502607599",B12A3K,https://oakandfort.com/cdn/shop/files/Black_small.jpg?v=677969834690041288,"https://oakandfort.com/cdn/shop/files/Pant-11875_Black-1.jpg?v=1721971566&width=540"
SLIM FIT TAPERED LEG TROUSER,Black,"https://oakandfort.com/products/slim-fit-suiting-pant-pt-11873-w?variant=45301453127919",B12A3K,https://oakandfort.com/cdn/shop/files/Black_small.jpg?v=677969834690041288,"https://oakandfort.com/cdn/shop/files/Pant-11873_Black-1.jpg?v=1721970966&width=540"
SLIM FIT TAPERED LEG TROUSER,Paloma,"https://oakandfort.com/products/slim-fit-suiting-pant-pt-11873-w?variant=45301453390063",P1L15M1,https://oakandfort.com/cdn/shop/files/Paloma_small.jpg?v=14109305306326548224,"https://oakandfort.com/cdn/shop/files/Pant-11873_Paloma-7.jpg?v=1726226430&width=540"
MIDI OPEN KNIT SWIMSUIT COVERUP DRESS,Grey Dawn,"https://oakandfort.com/products/ls-maxi-swimsuit-coverup-dr-11934-w?variant=45301350629615",G18E25D1W14,https://oakandfort.com/cdn/shop/files/Grey_Dawn_small.jpg?v=6678454547265159316,"https://oakandfort.com/cdn/shop/files/Dress-11934_Grey_20Dawn-13.jpg?v=1726226272&width=540"
MIDI OPEN KNIT SWIMSUIT COVERUP DRESS,Fog,"https://oakandfort.com/products/ls-maxi-swimsuit-coverup-dr-11934-w?variant=45301350793455",F15G,https://oakandfort.com/cdn/shop/files/Fog_small.jpg?v=2388656013558943149,"https://oakandfort.com/cdn/shop/files/Dress-11934_Fog-1.jpg?v=1721969049&width=540"
MIDI OPEN KNIT SWIMSUIT COVERUP DRESS,Tea,"https://oakandfort.com/products/ls-maxi-swimsuit-coverup-dr-11934-w?variant=45301350957295",T5A,https://oakandfort.com/cdn/shop/files/Tea_small.jpg?v=2246930205268652263,"https://oakandfort.com/cdn/shop/files/Dress-11934_Tea-17.jpg?v=1726226272&width=540"
DOUBLE-FACED CARGO PANT,Trench Coat,"https://oakandfort.com/products/cargo-pant-with-buckle-pt-11880-w?variant=45301227192559",T18E14C8C15A20,https://oakandfort.com/cdn/shop/files/Trench_Coat_small.jpg?v=11592988714322244651,"https://oakandfort.com/cdn/shop/files/Pant-11880_Trench_20Coat-1.jpg?v=1721966578&width=540"
DOUBLE-FACED CARGO PANT,Mermaid,"https://oakandfort.com/products/cargo-pant-with-buckle-pt-11880-w?variant=45301227421935",M5R13A9D,https://oakandfort.com/cdn/shop/files/Mermaid_small.jpg?v=10352404381201237656,"https://oakandfort.com/cdn/shop/files/Pant-11880_Mermaid-6.jpg?v=1723143149&width=540"
TERRY PLEATED MINI SKIRT,Black,"https://oakandfort.com/products/terry-pleated-mini-skirt-sk-13152-w?variant=45300995490031",B12A3K,https://oakandfort.com/cdn/shop/files/Black_small.jpg?v=677969834690041288,"https://oakandfort.com/cdn/shop/files/Skirt-13152_Black-1.jpg?v=1721965269&width=540"
OVERSIZED DISTRESSED SWEATER,Black,"https://oakandfort.com/products/oversized-distressed-sweater-sw-11901-w?variant=45300846133487",B12A3K,https://oakandfort.com/cdn/shop/files/Black_small.jpg?v=677969834690041288,"https://oakandfort.com/cdn/shop/files/Sweater-11901_Black-13.jpg?v=1726225722&width=540"
OVERSIZED DISTRESSED SWEATER,Abbey Stone,"https://oakandfort.com/products/oversized-distressed-sweater-sw-11901-w?variant=45300846264559",A2B5Y19T15N5,https://oakandfort.com/cdn/shop/files/Abbey_Stone_small.jpg?v=11359326085963340145,"https://oakandfort.com/cdn/shop/files/Sweater-11901_Abbey_20Stone-1.jpg?v=1721960895&width=540"
