title,price,image_url,link_url
"
                                    Visko Jacket                                ",$399.00,https://us.zadig-et-voltaire.com/static/version1675168864/frontend/OneRockwell/boilerplate/en_US/images/pixel.gif,https://us.zadig-et-voltaire.com/blazer-women-visko-jacket--wwbl00770.html
"
                                    Verys Jacket                                 ",$374.00,https://us.zadig-et-voltaire.com/static/version1675168864/frontend/OneRockwell/boilerplate/en_US/images/pixel.gif,https://us.zadig-et-voltaire.com/blazer-women-verys-jacket--rwbl00002.html
"
                                    Voici Velvet Jacket                                ",$349.00,https://us.zadig-et-voltaire.com/static/version1675168864/frontend/OneRockwell/boilerplate/en_US/images/pixel.gif,https://us.zadig-et-voltaire.com/blazer-women-voici-velvet-jacket-wwbl00766.html
"
                                    Very Sequins Jacket                                 ",$429.00,https://us.zadig-et-voltaire.com/static/version1675168864/frontend/OneRockwell/boilerplate/en_US/images/pixel.gif,https://us.zadig-et-voltaire.com/blazer-women-very-sequins-jacket--wwbl00762.html
"
                                    Very Creased Suede Jacket                                ",$479.00,https://us.zadig-et-voltaire.com/static/version1675168864/frontend/OneRockwell/boilerplate/en_US/images/pixel.gif,https://us.zadig-et-voltaire.com/blazer-women-very-creased-suede-jacket-rwbl00049.html
"
                                    Vanille Car Blazer                                ",$424.00,https://us.zadig-et-voltaire.com/static/version1675168864/frontend/OneRockwell/boilerplate/en_US/images/pixel.gif,https://us.zadig-et-voltaire.com/blazer-women-vanille-car-blazer-wwbl00767.html
"
                                    Verys Blazer                                 ",$374.00,https://us.zadig-et-voltaire.com/static/version1675168864/frontend/OneRockwell/boilerplate/en_US/images/pixel.gif,https://us.zadig-et-voltaire.com/blazer-women-verys-blazer--rwbl00001.html
"
                                    Visko Jac Jacket                                ",$399.00,https://us.zadig-et-voltaire.com/static/version1675168864/frontend/OneRockwell/boilerplate/en_US/images/pixel.gif,https://us.zadig-et-voltaire.com/blazer-women-visko-jac-jacket--wwbl00773.html
"
                                    Alma Sweater                                ",$434.00,https://us.zadig-et-voltaire.com/static/version1675168864/frontend/OneRockwell/boilerplate/en_US/images/pixel.gif,https://us.zadig-et-voltaire.com/sweater-women-alma-sweater-kwsw01423.html
"
                                    Amanda Sweater                                ",$399.00,https://us.zadig-et-voltaire.com/static/version1675168864/frontend/OneRockwell/boilerplate/en_US/images/pixel.gif,https://us.zadig-et-voltaire.com/sweater-women-amanda-sweater--kwsw01424.html
"
                                    Kanson Sweater                                ",$838.80,https://us.zadig-et-voltaire.com/static/version1675168864/frontend/OneRockwell/boilerplate/en_US/images/pixel.gif,https://us.zadig-et-voltaire.com/sweater-women-kanson-jumper--kwsw01458.html
"
                                    Fera Coat                                ",$274.00,https://us.zadig-et-voltaire.com/static/version1675168864/frontend/OneRockwell/boilerplate/en_US/images/pixel.gif,https://us.zadig-et-voltaire.com/coat-women-fera-coat--wwco00178.html
"
                                    Kain Shearling Coat                                ","$1,149.00",https://us.zadig-et-voltaire.com/static/version1675168864/frontend/OneRockwell/boilerplate/en_US/images/pixel.gif,https://us.zadig-et-voltaire.com/jacket-women-kain-shearling-coat--rwow00202.html
"
                                    Bristola Down Jacket                                ",$399.00,https://us.zadig-et-voltaire.com/static/version1675168864/frontend/OneRockwell/boilerplate/en_US/images/pixel.gif,https://us.zadig-et-voltaire.com/down-jacket-women-bristola-down-jacket-wwow00570.html
"
                                    Monaco Coat                                 ",$399.00,https://us.zadig-et-voltaire.com/static/version1675168864/frontend/OneRockwell/boilerplate/en_US/images/pixel.gif,https://us.zadig-et-voltaire.com/coat-women-monaco-coat--wkct0606f.html
"
                                    Touchy Shirt                                ",$179.00,https://us.zadig-et-voltaire.com/static/version1675168864/frontend/OneRockwell/boilerplate/en_US/images/pixel.gif,https://us.zadig-et-voltaire.com/shirt-women-touchy-shirt-wwsh00020.html
"
                                    Thelma Shirt                                 ",$189.00,https://us.zadig-et-voltaire.com/static/version1675168864/frontend/OneRockwell/boilerplate/en_US/images/pixel.gif,https://us.zadig-et-voltaire.com/shirt-women-thelma-shirt--wkca0503f.html
"
                                    Rilena Dress                                ",$499.00,https://us.zadig-et-voltaire.com/static/version1675168864/frontend/OneRockwell/boilerplate/en_US/images/pixel.gif,https://us.zadig-et-voltaire.com/dress-women-rilena-dress-wwdr01159.html
"
                                    Rivali Dress                                ",$199.00,https://us.zadig-et-voltaire.com/static/version1675168864/frontend/OneRockwell/boilerplate/en_US/images/pixel.gif,https://us.zadig-et-voltaire.com/dress-women-rivali-dress-wwdr01180.html
"
                                    Rabella Dress                                ",$274.00,https://us.zadig-et-voltaire.com/static/version1675168864/frontend/OneRockwell/boilerplate/en_US/images/pixel.gif,https://us.zadig-et-voltaire.com/dress-women-rabella-dress--wwdr01190.html
"
                                    Spencer Skull Sweatshirt                                ",$164.00,https://us.zadig-et-voltaire.com/static/version1675168864/frontend/OneRockwell/boilerplate/en_US/images/pixel.gif,https://us.zadig-et-voltaire.com/sweatshirt-women-spencer-skull-sweatshirt--jwss00491.html
"
                                    Donate Skull T-shirt                                ",$59.00,https://us.zadig-et-voltaire.com/static/version1675168864/frontend/OneRockwell/boilerplate/en_US/images/pixel.gif,https://us.zadig-et-voltaire.com/t-shirt-women-donate-skull-t-shirt--jwts01476.html
"
                                    Janais Jac ZV Skirt                                ",$274.00,https://us.zadig-et-voltaire.com/static/version1675168864/frontend/OneRockwell/boilerplate/en_US/images/pixel.gif,https://us.zadig-et-voltaire.com/skirt-women-janais-jac-zv-skirt-wwsk00308.html
"
                                    Boyfit Eco Jeans                                ",$149.00,https://us.zadig-et-voltaire.com/static/version1675168864/frontend/OneRockwell/boilerplate/en_US/images/pixel.gif,https://us.zadig-et-voltaire.com/jeans-women-boyfit-eco-jeans-wwje00004.html
"
                                    Polis Pants                                ",$349.00,https://us.zadig-et-voltaire.com/static/version1675168864/frontend/OneRockwell/boilerplate/en_US/images/pixel.gif,https://us.zadig-et-voltaire.com/pants-women-polis-trousers-wwpa00728.html
"
                                    Pistol Jac Pants                                ",$224.00,https://us.zadig-et-voltaire.com/static/version1675168864/frontend/OneRockwell/boilerplate/en_US/images/pixel.gif,https://us.zadig-et-voltaire.com/pants-women-pistol-jac-pants-wwpa00721.html
"
                                    Poetia Trousers                                 ",$238.80,https://us.zadig-et-voltaire.com/static/version1675168864/frontend/OneRockwell/boilerplate/en_US/images/pixel.gif,https://us.zadig-et-voltaire.com/pants-women-poetia-trousers--wkce0103f.html
"
                                    Risty Jac Leo Silk Dress                                ",$274.00,https://us.zadig-et-voltaire.com/static/version1675168864/frontend/OneRockwell/boilerplate/en_US/images/pixel.gif,https://us.zadig-et-voltaire.com/dress-women-risty-jac-leo-silk-dress-wwdr01170.html
"
                                    Ryana Pop Dress                                ",$249.00,https://us.zadig-et-voltaire.com/static/version1675168864/frontend/OneRockwell/boilerplate/en_US/images/pixel.gif,https://us.zadig-et-voltaire.com/dress-women-ryana-pop-dress-wwdr00059.html
"
                                    Rozyl CDC Dress                                ",$549.00,https://us.zadig-et-voltaire.com/static/version1675168864/frontend/OneRockwell/boilerplate/en_US/images/pixel.gif,https://us.zadig-et-voltaire.com/dress-women-rozyl-cdc-dress-wwdr01160.html
"
                                    Remember Satin Dress                                ",$224.00,https://us.zadig-et-voltaire.com/static/version1675168864/frontend/OneRockwell/boilerplate/en_US/images/pixel.gif,https://us.zadig-et-voltaire.com/dress-women-remember-satin-dress-wwdr00003.html
"
                                    Raos Dress                                ",$299.00,https://us.zadig-et-voltaire.com/static/version1675168864/frontend/OneRockwell/boilerplate/en_US/images/pixel.gif,https://us.zadig-et-voltaire.com/dress-women-raos-dress-wwdr00026.html
"
                                    Ralia Dress                                ",$249.00,https://us.zadig-et-voltaire.com/static/version1675168864/frontend/OneRockwell/boilerplate/en_US/images/pixel.gif,https://us.zadig-et-voltaire.com/dress-women-ralia-satin-dress-wwdr01161.html
"
                                    Ritas Jac Leo Silk Dress                                ",$349.00,https://us.zadig-et-voltaire.com/static/version1675168864/frontend/OneRockwell/boilerplate/en_US/images/pixel.gif,https://us.zadig-et-voltaire.com/dress-women-ritas-jac-leo-silk-dress-wwdr01169.html
"
                                    Radial Tiger Dress                                ",$249.00,https://us.zadig-et-voltaire.com/static/version1675168864/frontend/OneRockwell/boilerplate/en_US/images/pixel.gif,https://us.zadig-et-voltaire.com/dress-women-radial-tiger-dress--wwdr01158.html
"
                                    Rinka Tiger Dress                                ",$184.00,https://us.zadig-et-voltaire.com/static/version1675168864/frontend/OneRockwell/boilerplate/en_US/images/pixel.gif,https://us.zadig-et-voltaire.com/dress-women-rinka-tiger-dress--wwdr01157.html
"
                                    Rielle Snake Chains Dress                                ",$499.00,https://us.zadig-et-voltaire.com/static/version1675168864/frontend/OneRockwell/boilerplate/en_US/images/pixel.gif,https://us.zadig-et-voltaire.com/dress-women-rielle-snake-chains-dress--wwdr01184.html
"
                                    Refla Boho Dress                                ",$189.00,https://us.zadig-et-voltaire.com/static/version1675168864/frontend/OneRockwell/boilerplate/en_US/images/pixel.gif,https://us.zadig-et-voltaire.com/dress-women-refla-boho-dress--wwdr01188.html
"
                                    Selena Dress                                ",$449.00,https://us.zadig-et-voltaire.com/static/version1675168864/frontend/OneRockwell/boilerplate/en_US/images/pixel.gif,https://us.zadig-et-voltaire.com/dress-women-selena-dress---kwdr00159.html
"
                                    Deany Dress                                ",$224.00,https://us.zadig-et-voltaire.com/static/version1675168864/frontend/OneRockwell/boilerplate/en_US/images/pixel.gif,https://us.zadig-et-voltaire.com/dress-women-deany-dress--kwdr00158.html
"
                                    Rais Twill Horses Silk Dress                                ",$274.00,https://us.zadig-et-voltaire.com/static/version1675168864/frontend/OneRockwell/boilerplate/en_US/images/pixel.gif,https://us.zadig-et-voltaire.com/dress-women-rais-twill-horses-silk-dress-wwdr01178.html
"
                                    Rivali Polka Flowers Diamanté Silk Dress                                ",$324.00,https://us.zadig-et-voltaire.com/static/version1675168864/frontend/OneRockwell/boilerplate/en_US/images/pixel.gif,https://us.zadig-et-voltaire.com/dress-women-rivali-polka-flowers-diamante-silk-dress-wwdr01175.html
"
                                    Almira We Amour Dress                                ",$239.00,https://us.zadig-et-voltaire.com/static/version1675168864/frontend/OneRockwell/boilerplate/en_US/images/pixel.gif,https://us.zadig-et-voltaire.com/dress-women-almira-we-amour-dress--kwdr00161.html
"
                                    Rack Satin Dress                                ",$229.00,https://us.zadig-et-voltaire.com/static/version1675168864/frontend/OneRockwell/boilerplate/en_US/images/pixel.gif,https://us.zadig-et-voltaire.com/dress-women-rack-satin-dress--wwdr01162.html
"
                                    Alabama Dress                                ",$399.00,https://us.zadig-et-voltaire.com/static/version1675168864/frontend/OneRockwell/boilerplate/en_US/images/pixel.gif,https://us.zadig-et-voltaire.com/dress-women-alabama-dress--kwdr00156.html
"
                                    Ritana Chains Silk Dress                                ",$599.00,https://us.zadig-et-voltaire.com/static/version1675168864/frontend/OneRockwell/boilerplate/en_US/images/pixel.gif,https://us.zadig-et-voltaire.com/dress-women-ritana-chains-silk-dress--wwdr01167.html
"
                                    Rallye Chains Silk Dress                                ",$449.00,https://us.zadig-et-voltaire.com/static/version1675168864/frontend/OneRockwell/boilerplate/en_US/images/pixel.gif,https://us.zadig-et-voltaire.com/dress-women-rallye-chains-silk-dress--wwdr01164.html
"
                                    Rulie Chiffon ZV Dress                                ",$239.00,https://us.zadig-et-voltaire.com/static/version1675168864/frontend/OneRockwell/boilerplate/en_US/images/pixel.gif,https://us.zadig-et-voltaire.com/dress-women-rulie-chiffon-zv-dress--wwdr01155.html
"
                                    Rinka Dress                                 ",$184.00,https://us.zadig-et-voltaire.com/static/version1675168864/frontend/OneRockwell/boilerplate/en_US/images/pixel.gif,https://us.zadig-et-voltaire.com/dress-women-rinka-dress--wwdr00025.html
"
                                    Rais Dress                                ",$149.00,https://us.zadig-et-voltaire.com/static/version1675168864/frontend/OneRockwell/boilerplate/en_US/images/pixel.gif,https://us.zadig-et-voltaire.com/dress-women-rais-dress-wwdr00006.html
"
                                    Markus Stars Cashmere Sweater                                ",$249.00,https://us.zadig-et-voltaire.com/static/version1675168864/frontend/OneRockwell/boilerplate/en_US/images/pixel.gif,https://us.zadig-et-voltaire.com/sweater-women-markus-stars-cashmere-jumper-kwsw01477.html
"
                                    Rita Tiger Sweater                                ",$324.00,https://us.zadig-et-voltaire.com/static/version1675168864/frontend/OneRockwell/boilerplate/en_US/images/pixel.gif,https://us.zadig-et-voltaire.com/sweater-women-rita-tiger-sweater-kwsw01446.html
"
                                    Alma We Zaddicted Sweater                                ",$184.00,https://us.zadig-et-voltaire.com/static/version1675168864/frontend/OneRockwell/boilerplate/en_US/images/pixel.gif,https://us.zadig-et-voltaire.com/sweater-women-alma-we-zaddicted-sweater--kwsw01436.html
"
                                    Markus Heart Cashmere Sweater                                ",$249.00,https://us.zadig-et-voltaire.com/static/version1675168864/frontend/OneRockwell/boilerplate/en_US/images/pixel.gif,https://us.zadig-et-voltaire.com/sweater-women-markus-heart-cashmere-sweater--kwsw01470.html
"
                                    Happy Cp Cashmere Sweater                                ",$139.00,https://us.zadig-et-voltaire.com/static/version1675168864/frontend/OneRockwell/boilerplate/en_US/images/pixel.gif,https://us.zadig-et-voltaire.com/sweater-women-happy-cp-cashmere-sweater-semz1109f.html
"
                                    Miss Cp Cashmere Sweater                                ",$149.00,https://us.zadig-et-voltaire.com/static/version1675168864/frontend/OneRockwell/boilerplate/en_US/images/pixel.gif,https://us.zadig-et-voltaire.com/sweater-women-miss-cp-cashmere-sweater-semz1105f.html
"
                                    Dazzy Cardigan Cashmere                                ",$474.00,https://us.zadig-et-voltaire.com/static/version1675168864/frontend/OneRockwell/boilerplate/en_US/images/pixel.gif,https://us.zadig-et-voltaire.com/cardigan-women-dazzy-cardigan--kwca00005.html
"
                                    Marco Coat                                ",$478.80,https://us.zadig-et-voltaire.com/static/version1675168864/frontend/OneRockwell/boilerplate/en_US/images/pixel.gif,https://us.zadig-et-voltaire.com/coat-women-marco-coat-wwco00186.html
"
                                    Marina Cashmere Cardigan                                ",$649.00,https://us.zadig-et-voltaire.com/static/version1675168864/frontend/OneRockwell/boilerplate/en_US/images/pixel.gif,https://us.zadig-et-voltaire.com/coat-women-marina-cashmere-cardigan--kwco00040.html
"
                                    Monarque Coat                                ",$399.00,https://us.zadig-et-voltaire.com/static/version1675168864/frontend/OneRockwell/boilerplate/en_US/images/pixel.gif,https://us.zadig-et-voltaire.com/coat-women-monarque-coat--wwco00184.html
"
                                    Marco Amour Coat                                ",$424.00,https://us.zadig-et-voltaire.com/static/version1675168864/frontend/OneRockwell/boilerplate/en_US/images/pixel.gif,https://us.zadig-et-voltaire.com/coat-women-marco-coat--wwco00187.html
"
                                    Fleur Soft Curly Coat                                ",$299.00,https://us.zadig-et-voltaire.com/static/version1675168864/frontend/OneRockwell/boilerplate/en_US/images/pixel.gif,https://us.zadig-et-voltaire.com/coat-women-fleur-soft-curly-coat--wwco00179.html
"
                                    Mady Coat                                ",$449.00,https://us.zadig-et-voltaire.com/static/version1675168864/frontend/OneRockwell/boilerplate/en_US/images/pixel.gif,https://us.zadig-et-voltaire.com/coat-women-mady-coat---wwco00182.html
"
                                    Festif Coat                                ",$299.00,https://us.zadig-et-voltaire.com/static/version1675168864/frontend/OneRockwell/boilerplate/en_US/images/pixel.gif,https://us.zadig-et-voltaire.com/coat-women-festif-coat-wwco00188.html
"
                                    Ellina Wool Coat                                ",$749.00,https://us.zadig-et-voltaire.com/static/version1675168864/frontend/OneRockwell/boilerplate/en_US/images/pixel.gif,https://us.zadig-et-voltaire.com/coat-women-ellina-wool-coat-kwco00036.html
"
                                    Ella Cashmere Coat                                ",$599.00,https://us.zadig-et-voltaire.com/static/version1675168864/frontend/OneRockwell/boilerplate/en_US/images/pixel.gif,https://us.zadig-et-voltaire.com/coat-women-ella-cashmere-coat-kwco00037.html
"
                                    Linn Cashmere Poncho                                ",$749.00,https://us.zadig-et-voltaire.com/static/version1675168864/frontend/OneRockwell/boilerplate/en_US/images/pixel.gif,https://us.zadig-et-voltaire.com/poncho-women-linn-cashmere-poncho-kwow00001.html
"
                                    Liam Jacket                                 ",$399.00,https://us.zadig-et-voltaire.com/static/version1675168864/frontend/OneRockwell/boilerplate/en_US/images/pixel.gif,https://us.zadig-et-voltaire.com/jacket-women-liam-jacket--rwow00001.html
"
                                    Korail Coat                                ",$349.00,https://us.zadig-et-voltaire.com/static/version1675168864/frontend/OneRockwell/boilerplate/en_US/images/pixel.gif,https://us.zadig-et-voltaire.com/coat-women-korail-coat-wwow00574.html
"
                                    Kalice Coat                                ",$299.00,https://us.zadig-et-voltaire.com/static/version1675168864/frontend/OneRockwell/boilerplate/en_US/images/pixel.gif,https://us.zadig-et-voltaire.com/parka-women-kalice-coat--wwow00586.html
"
                                    Tia Polka Flowers Silk Shirt                                ",$219.00,https://us.zadig-et-voltaire.com/static/version1675168864/frontend/OneRockwell/boilerplate/en_US/images/pixel.gif,https://us.zadig-et-voltaire.com/shirt-women-tia-polka-flowers-silk-shirt--wwsh00474.html
"
                                    Tocade Chiffon ZV Shirt                                ",$199.00,https://us.zadig-et-voltaire.com/static/version1675168864/frontend/OneRockwell/boilerplate/en_US/images/pixel.gif,https://us.zadig-et-voltaire.com/shirt-women-tocade-chiffon-zv-shirt--wwsh00464.html
"
                                    Georgy Photoprint Color Box Sweatshirt                                ",$164.00,https://us.zadig-et-voltaire.com/static/version1675168864/frontend/OneRockwell/boilerplate/en_US/images/pixel.gif,https://us.zadig-et-voltaire.com/sweatshirt-women-georgy-photoprint-color-box-sweatshirt--jwss00469.html
"
                                    Upper Blason Embroidered Sweatshirt                                ",$99.00,https://us.zadig-et-voltaire.com/static/version1675168864/frontend/OneRockwell/boilerplate/en_US/images/pixel.gif,https://us.zadig-et-voltaire.com/sweatshirt-women-upper-blason-embroidered-sweatshirt--jwss00481.html
"
                                    Tam Foil Tank Top                                ",$44.00,https://us.zadig-et-voltaire.com/static/version1675168864/frontend/OneRockwell/boilerplate/en_US/images/pixel.gif,https://us.zadig-et-voltaire.com/tank-top-women-tam-foil-tank-top-setq7002f.html
"
                                    Tam Gold Tank Top                                ",$44.00,https://us.zadig-et-voltaire.com/static/version1675168864/frontend/OneRockwell/boilerplate/en_US/images/pixel.gif,https://us.zadig-et-voltaire.com/tank-top-women-tam-gold-tank-top-sftq7003f.html
"
                                    Tino Foil t-shirt                                ",$49.00,https://us.zadig-et-voltaire.com/static/version1675168864/frontend/OneRockwell/boilerplate/en_US/images/pixel.gif,https://us.zadig-et-voltaire.com/t-shirt-women-tino-foil-t-shirt-wftq1805f.html
"
                                    Tino Foil T-Shirt                                ",$49.00,https://us.zadig-et-voltaire.com/static/version1675168864/frontend/OneRockwell/boilerplate/en_US/images/pixel.gif,https://us.zadig-et-voltaire.com/t-shirt-women-tino-foil-t-shirt-wetq1804f.html
"
                                    Tino Gold T-Shirt                                ",$49.00,https://us.zadig-et-voltaire.com/static/version1675168864/frontend/OneRockwell/boilerplate/en_US/images/pixel.gif,https://us.zadig-et-voltaire.com/t-shirt-women-tino-gold-t-shirt-sftq1806f.html
"
                                    Willy Foil T-Shirt                                ",$54.00,https://us.zadig-et-voltaire.com/static/version1675168864/frontend/OneRockwell/boilerplate/en_US/images/pixel.gif,https://us.zadig-et-voltaire.com/t-shirt-women-willy-foil-t-shirt-setq1804f.html
"
                                    Willy Gold T-Shirt                                ",$54.00,https://us.zadig-et-voltaire.com/static/version1675168864/frontend/OneRockwell/boilerplate/en_US/images/pixel.gif,https://us.zadig-et-voltaire.com/t-shirt-womens-willy-gold-t-shirt.html
"
                                    Story Fishnet Skull Cross T-shirt                                ",$64.00,https://us.zadig-et-voltaire.com/static/version1675168864/frontend/OneRockwell/boilerplate/en_US/images/pixel.gif,https://us.zadig-et-voltaire.com/t-shirt-women-story-fishnet-skull-cross-t-shirt-jwts01449.html
"
                                    Tom Compo Horse T-shirt                                ",$74.00,https://us.zadig-et-voltaire.com/static/version1675168864/frontend/OneRockwell/boilerplate/en_US/images/pixel.gif,https://us.zadig-et-voltaire.com/t-shirt-women-tom-compo-horse-t-shirt-jwts01427.html
"
                                    Zoe Horse T-shirt                                ",$64.00,https://us.zadig-et-voltaire.com/static/version1675168864/frontend/OneRockwell/boilerplate/en_US/images/pixel.gif,https://us.zadig-et-voltaire.com/t-shirt-women-zoe-horse-t-shirt-jwts01452.html
"
                                    Let's dance Henley T-shirt                                ",$64.00,https://us.zadig-et-voltaire.com/static/version1675168864/frontend/OneRockwell/boilerplate/en_US/images/pixel.gif,https://us.zadig-et-voltaire.com/henley-t-shirt-women-25-ans-let-s-dance-henley-t-shirt-jwtn00392.html
"
                                    Jade Chiffon ZV Skirt                                ",$174.00,https://us.zadig-et-voltaire.com/static/version1675168864/frontend/OneRockwell/boilerplate/en_US/images/pixel.gif,https://us.zadig-et-voltaire.com/skirt-women-jade-chiffon-zv-skirt--wwsk00302.html
"
                                    Scott Creased Suede Shorts                                ",$399.00,https://us.zadig-et-voltaire.com/static/version1675168864/frontend/OneRockwell/boilerplate/en_US/images/pixel.gif,https://us.zadig-et-voltaire.com/shorts-women-scott-creased-suede-shorts--rwbs00020.html
"
                                    Phlame Crinkled Leather Pants                                ",$499.00,https://us.zadig-et-voltaire.com/static/version1675168864/frontend/OneRockwell/boilerplate/en_US/images/pixel.gif,https://us.zadig-et-voltaire.com/pants-women-phalme-pants--rwpa00001.html
"
                                    Pesto Pants                                 ",$174.00,https://us.zadig-et-voltaire.com/static/version1675168864/frontend/OneRockwell/boilerplate/en_US/images/pixel.gif,https://us.zadig-et-voltaire.com/pants-women-pesto-pants--wwpa00007.html
"
                                    Pistol Sequins Pants                                ",$274.00,https://us.zadig-et-voltaire.com/static/version1675168864/frontend/OneRockwell/boilerplate/en_US/images/pixel.gif,https://us.zadig-et-voltaire.com/pants-women-pistol-sequinned-pants--wwpa00737.html
"
                                    Pharel Leggings                                ",$499.00,https://us.zadig-et-voltaire.com/static/version1675168864/frontend/OneRockwell/boilerplate/en_US/images/pixel.gif,https://us.zadig-et-voltaire.com/coat-women-pharel-leggings-pwgcu1403f.html
"
                                    Allany Coat                                ",$699.00,https://us.zadig-et-voltaire.com/static/version1675168864/frontend/OneRockwell/boilerplate/en_US/images/pixel.gif,https://us.zadig-et-voltaire.com/coat-women-allany-coat-kwco00039.html
"
                                    Cyrka Sweater                                ",$299.00,https://us.zadig-et-voltaire.com/static/version1675168864/frontend/OneRockwell/boilerplate/en_US/images/pixel.gif,https://us.zadig-et-voltaire.com/sweater-women-cyrka-jumper-kwsw01452.html
"
                                    Mirka Stars Cashmere Cardigan                                ",$274.00,https://us.zadig-et-voltaire.com/static/version1675168864/frontend/OneRockwell/boilerplate/en_US/images/pixel.gif,https://us.zadig-et-voltaire.com/cardigan-women-mirka-stars-cardigan-kwca00001.html
"
                                    Rona Cashmere Cardigan                                ",$324.00,https://us.zadig-et-voltaire.com/static/version1675168864/frontend/OneRockwell/boilerplate/en_US/images/pixel.gif,https://us.zadig-et-voltaire.com/cardigan-women-rona-cashmere-cardigan--kwca00510.html
"
                                    Markus Stars Sweater                                ",$249.00,https://us.zadig-et-voltaire.com/static/version1675168864/frontend/OneRockwell/boilerplate/en_US/images/pixel.gif,https://us.zadig-et-voltaire.com/sweater-women-markus-star-sweater--kwsw00001.html
"
                                    Tilda Tiger Cardigan                                 ",$649.00,https://us.zadig-et-voltaire.com/static/version1675168864/frontend/OneRockwell/boilerplate/en_US/images/pixel.gif,https://us.zadig-et-voltaire.com/cardigan-women-tilda-tiger-cardigan--kwca00511.html
"
                                    Ida Cashmere Sweater                                ",$199.00,https://us.zadig-et-voltaire.com/static/version1675168864/frontend/OneRockwell/boilerplate/en_US/images/pixel.gif,https://us.zadig-et-voltaire.com/sweater-women-ida-cashmere-sweater-kwsw01456.html
"
                                    Maya Tiger Merino Cardigan                                ",$299.00,https://us.zadig-et-voltaire.com/static/version1675168864/frontend/OneRockwell/boilerplate/en_US/images/pixel.gif,https://us.zadig-et-voltaire.com/coat-women-maya-tiger-merino-cardigan--kwco00041.html
"
                                    LiLi RC Sweater                                ",$249.00,https://us.zadig-et-voltaire.com/static/version1675168864/frontend/OneRockwell/boilerplate/en_US/images/pixel.gif,https://us.zadig-et-voltaire.com/sweater-women-lili-rc-sweater-kwsw00008.html
"
                                    Malta Cashmere Sweater                                ",$399.00,https://us.zadig-et-voltaire.com/static/version1675168864/frontend/OneRockwell/boilerplate/en_US/images/pixel.gif,https://us.zadig-et-voltaire.com/sweater-women-malta-cashmere-sweater-kwsw01429.html
"
                                    Ida Cashmere Sweater                                ",$199.00,https://us.zadig-et-voltaire.com/static/version1675168864/frontend/OneRockwell/boilerplate/en_US/images/pixel.gif,https://us.zadig-et-voltaire.com/sweater-women-ida-cashmere-sweater-kwsw01475.html
"
                                    Vivi Patch Cashmere Sweater                                ",$199.00,https://us.zadig-et-voltaire.com/static/version1675168864/frontend/OneRockwell/boilerplate/en_US/images/pixel.gif,https://us.zadig-et-voltaire.com/sweater-women-vivi-patch-cashmere-jumper--kwsw00059.html
"
                                    Luka Leather Jacket                                ",$599.00,https://us.zadig-et-voltaire.com/static/version1675168864/frontend/OneRockwell/boilerplate/en_US/images/pixel.gif,https://us.zadig-et-voltaire.com/jacket-women-luka-leather-jacket-rwow00200.html
"
                                    Kiome Denim Jacket                                ",$224.00,https://us.zadig-et-voltaire.com/static/version1675168864/frontend/OneRockwell/boilerplate/en_US/images/pixel.gif,https://us.zadig-et-voltaire.com/jacket-women-kiome-denim-jacket-wwow00028.html
"
                                    Tais Raye Pop Shirt                                ",$149.00,https://us.zadig-et-voltaire.com/static/version1675168864/frontend/OneRockwell/boilerplate/en_US/images/pixel.gif,https://us.zadig-et-voltaire.com/shirt-women-tais-raye-pop-shirt-wwsh00037.html
"
                                    Tygg Satin Shirt                                ",$149.00,https://us.zadig-et-voltaire.com/static/version1675168864/frontend/OneRockwell/boilerplate/en_US/images/pixel.gif,https://us.zadig-et-voltaire.com/shirt-women-tygg-satin-shirt-wwsh00472.html
"
                                    Tink Shirt                                 ",$149.00,https://us.zadig-et-voltaire.com/static/version1675168864/frontend/OneRockwell/boilerplate/en_US/images/pixel.gif,https://us.zadig-et-voltaire.com/shirt-women-tink-shirt--wwsh00021.html
"
                                    Thena Organdi Mix Shirt                                ",$299.00,https://us.zadig-et-voltaire.com/static/version1675168864/frontend/OneRockwell/boilerplate/en_US/images/pixel.gif,https://us.zadig-et-voltaire.com/shirt-women-thena-organdi-mix-shirt-wwsh00458.html
"
                                    Christy Tiger Camisole                                ",$99.00,https://us.zadig-et-voltaire.com/static/version1675168864/frontend/OneRockwell/boilerplate/en_US/images/pixel.gif,https://us.zadig-et-voltaire.com/camisole-women-christy-tiger-camisole--wwcr00180.html
"
                                    Sanchi Amour Wings Sweatshirt                                ",$124.00,https://us.zadig-et-voltaire.com/static/version1675168864/frontend/OneRockwell/boilerplate/en_US/images/pixel.gif,https://us.zadig-et-voltaire.com/sweatshirt-women-sanchi-amour-wings-sweatshirt-jwss00186.html
"
                                    Cecilia Butterfly Tank Top                                ",$69.00,https://us.zadig-et-voltaire.com/static/version1675168864/frontend/OneRockwell/boilerplate/en_US/images/pixel.gif,https://us.zadig-et-voltaire.com/tank-top-women-cecilia-butterfly-tank-top-jwtt00226.html
"
                                    Sanchi Amour Wings Sweatshirt                                ",$124.00,https://us.zadig-et-voltaire.com/static/version1675168864/frontend/OneRockwell/boilerplate/en_US/images/pixel.gif,https://us.zadig-et-voltaire.com/sweatshirt-women-sanchi-amour-wings-sweatshirt-jwss00186.html
"
                                    Cecilia Butterfly Tank Top                                ",$69.00,https://us.zadig-et-voltaire.com/static/version1675168864/frontend/OneRockwell/boilerplate/en_US/images/pixel.gif,https://us.zadig-et-voltaire.com/tank-top-women-cecilia-butterfly-tank-top-jwtt00226.html
"
                                    Tommy Amour Wings T-shirt                                ",$59.00,https://us.zadig-et-voltaire.com/static/version1675168864/frontend/OneRockwell/boilerplate/en_US/images/pixel.gif,https://us.zadig-et-voltaire.com/t-shirt-women-tommy-amour-wings-t-shirt-jwts00522.html
"
                                    Zoe Amour Wings T-shirt                                ",$69.00,https://us.zadig-et-voltaire.com/static/version1675168864/frontend/OneRockwell/boilerplate/en_US/images/pixel.gif,https://us.zadig-et-voltaire.com/t-shirt-women-zoe-amour-wings-t-shirt-jwts00094.html
"
                                    Tommy Amour Wings T-shirt                                ",$64.00,https://us.zadig-et-voltaire.com/static/version1675168864/frontend/OneRockwell/boilerplate/en_US/images/pixel.gif,https://us.zadig-et-voltaire.com/t-shirt-women-tommy-amour-wings-t-shirt-jwts00516.html
"
                                    Jocky Tiger Skirt                                ",$149.00,https://us.zadig-et-voltaire.com/static/version1675168864/frontend/OneRockwell/boilerplate/en_US/images/pixel.gif,https://us.zadig-et-voltaire.com/skirt-women-jocky-tiger-skirt--wwsk00306.html
"
                                    Band of Sisters Storm Shorts                                ",$149.00,https://us.zadig-et-voltaire.com/static/version1675168864/frontend/OneRockwell/boilerplate/en_US/images/pixel.gif,https://us.zadig-et-voltaire.com/shorts-women-band-of-sisters-storm-shorts-wwbs00015.html
"
                                    Pilote Canvas Pants                                ",$149.00,https://us.zadig-et-voltaire.com/static/version1675168864/frontend/OneRockwell/boilerplate/en_US/images/pixel.gif,https://us.zadig-et-voltaire.com/pants-women-pilote-canvas-pants--wwpa00725.html
"
                                    Pomy Pants                                ",$174.00,https://us.zadig-et-voltaire.com/static/version1675168864/frontend/OneRockwell/boilerplate/en_US/images/pixel.gif,https://us.zadig-et-voltaire.com/pants-women-pomy-trousers-wwpa00017.html
"
                                    Parfait Creased Suede Trousers                                 ",$599.00,https://us.zadig-et-voltaire.com/static/version1675168864/frontend/OneRockwell/boilerplate/en_US/images/pixel.gif,https://us.zadig-et-voltaire.com/pants-women-parfait-creased-suede-trousers-rwpa00067.html
"
                                    Steevy Sweatpants                                ",$124.00,https://us.zadig-et-voltaire.com/static/version1675168864/frontend/OneRockwell/boilerplate/en_US/images/pixel.gif,https://us.zadig-et-voltaire.com/pants-women-steevy-sweatpants-jwpa00001.html
"
                                    Steevy Pants Cashmere                                ",$249.00,https://us.zadig-et-voltaire.com/static/version1675168864/frontend/OneRockwell/boilerplate/en_US/images/pixel.gif,https://us.zadig-et-voltaire.com/pants-women-steevy-pants--kwpa00003.html
"
                                    Bowi T-shirt                                ",$49.00,https://us.zadig-et-voltaire.com/static/version1675168864/frontend/OneRockwell/boilerplate/en_US/images/pixel.gif,https://us.zadig-et-voltaire.com/t-shirt-women-bowi-t-shirt-skts1809f.html
"
                                    Jeudie Skirt                                ",$189.00,https://us.zadig-et-voltaire.com/static/version1675168864/frontend/OneRockwell/boilerplate/en_US/images/pixel.gif,https://us.zadig-et-voltaire.com/skirt-women-jeudie-skirt-wkcp0306f.html
"
                                    Steevy Trackpants                                ",$124.00,https://us.zadig-et-voltaire.com/static/version1675168864/frontend/OneRockwell/boilerplate/en_US/images/pixel.gif,https://us.zadig-et-voltaire.com/pants-women-steevy-cotton-sweatpants-wkts0102f.html
"
                                    Mamma Denim Jeans                                ",$114.00,https://us.zadig-et-voltaire.com/static/version1675168864/frontend/OneRockwell/boilerplate/en_US/images/pixel.gif,https://us.zadig-et-voltaire.com/jeans-women-mamma-denim-jeans-skcd3002f.html
"
                                    Jean Poete                                 ",$119.00,https://us.zadig-et-voltaire.com/static/version1675168864/frontend/OneRockwell/boilerplate/en_US/images/pixel.gif,https://us.zadig-et-voltaire.com/jeans-women-jean-poete--wkcd3003f.html
"
                                    Venus Diamanté Flower Blazer                                ",,https://us.zadig-et-voltaire.com/static/version1675168864/frontend/OneRockwell/boilerplate/en_US/images/pixel.gif,https://us.zadig-et-voltaire.com/blazer-women-venus-diamante-flower-blazer--wwbl00764.html
"
                                    Visko Jac Leo Blazer                                 ",,https://us.zadig-et-voltaire.com/static/version1675168864/frontend/OneRockwell/boilerplate/en_US/images/pixel.gif,https://us.zadig-et-voltaire.com/blazer-women-visko-jac-leo-blazer--wkca0210f.html
"
                                    Date Gabardine Blazer                                 ",,https://us.zadig-et-voltaire.com/static/version1675168864/frontend/OneRockwell/boilerplate/en_US/images/pixel.gif,https://us.zadig-et-voltaire.com/blazer-women-date-gabardine-blazer--wkct0201f.html
"
                                    Malta Sweater                                ",,https://us.zadig-et-voltaire.com/static/version1675168864/frontend/OneRockwell/boilerplate/en_US/images/pixel.gif,https://us.zadig-et-voltaire.com/sweater-women-malta-sweater--kwsw01440.html
"
                                    Markus Tiger Cashmere Sweater                                ",,https://us.zadig-et-voltaire.com/static/version1675168864/frontend/OneRockwell/boilerplate/en_US/images/pixel.gif,https://us.zadig-et-voltaire.com/sweater-women-markus-tiger-cashmere-sweater-kwsw01461.html
"
                                    Christy Camisole                                ",,https://us.zadig-et-voltaire.com/static/version1675168864/frontend/OneRockwell/boilerplate/en_US/images/pixel.gif,https://us.zadig-et-voltaire.com/camisole-women-christy-camisole-wwcr00190.html
"
                                    June Skirt                                ",$196.80,https://us.zadig-et-voltaire.com/static/version1675168864/frontend/OneRockwell/boilerplate/en_US/images/pixel.gif,https://us.zadig-et-voltaire.com/skirt-women-june-skirt--wwsk00312.html
"
                                    Joslin Skirt                                ",,https://us.zadig-et-voltaire.com/static/version1675168864/frontend/OneRockwell/boilerplate/en_US/images/pixel.gif,https://us.zadig-et-voltaire.com/skirt-women-joslin-skirt--wwsk00316.html
"
                                    Rixe Crinkled Leather Dress                                ",,https://us.zadig-et-voltaire.com/static/version1675168864/frontend/OneRockwell/boilerplate/en_US/images/pixel.gif,https://us.zadig-et-voltaire.com/dress-women-rixe-creased-leather-dress--rwdr00022.html
"
                                    Ranage Jac Chain Dress                                ",,https://us.zadig-et-voltaire.com/static/version1675168864/frontend/OneRockwell/boilerplate/en_US/images/pixel.gif,https://us.zadig-et-voltaire.com/dress-women-ranage-jac-chain-dress-wwdr01166.html
"
                                    Roberts Jac Chain Dress                                ",,https://us.zadig-et-voltaire.com/static/version1675168864/frontend/OneRockwell/boilerplate/en_US/images/pixel.gif,https://us.zadig-et-voltaire.com/dress-women-roberts-jac-chain-dress-wwdr01165.html
"
                                    Mixed Print Rocade Dress                                 ",,https://us.zadig-et-voltaire.com/static/version1675168864/frontend/OneRockwell/boilerplate/en_US/images/pixel.gif,https://us.zadig-et-voltaire.com/dress-women-mixed-print-rocade-dress--wwdr00062.html
"
                                    Risty Boho Dress                                ",,https://us.zadig-et-voltaire.com/static/version1675168864/frontend/OneRockwell/boilerplate/en_US/images/pixel.gif,https://us.zadig-et-voltaire.com/dress-women-risty-boho-dress--wwdr01181.html
"
                                    Risty Soft Diamanté Stars Dress                                ",,https://us.zadig-et-voltaire.com/static/version1675168864/frontend/OneRockwell/boilerplate/en_US/images/pixel.gif,https://us.zadig-et-voltaire.com/dress-women-risty-soft-diamante-stars-dress-wwdr01163.html
"
                                    Rosy Cashmere Sweater                                 ",,https://us.zadig-et-voltaire.com/static/version1675168864/frontend/OneRockwell/boilerplate/en_US/images/pixel.gif,https://us.zadig-et-voltaire.com/sweater-women-rosy-cashmere-sweater--kwsw01447.html
"
                                    Danna Sweater                                 ",,https://us.zadig-et-voltaire.com/static/version1675168864/frontend/OneRockwell/boilerplate/en_US/images/pixel.gif,https://us.zadig-et-voltaire.com/sweater-women-danna-jumper--kwsw00013.html
"
                                    Indiany Cashmere Cardigan                                ",,https://us.zadig-et-voltaire.com/static/version1675168864/frontend/OneRockwell/boilerplate/en_US/images/pixel.gif,https://us.zadig-et-voltaire.com/coat-women-indiany-cashmere-cardigan--kwca00504.html
"
                                    Manon Coat                                ",,https://us.zadig-et-voltaire.com/static/version1675168864/frontend/OneRockwell/boilerplate/en_US/images/pixel.gif,https://us.zadig-et-voltaire.com/coat-women-manon-cashmere-coat--wwco00185.html
"
                                    Spencer Cheval Strass Sweatshirt                                ",$164.00,https://us.zadig-et-voltaire.com/static/version1675168864/frontend/OneRockwell/boilerplate/en_US/images/pixel.gif,https://us.zadig-et-voltaire.com/sweatshirt-women-spencer-cheval-strass-sweatshirt-jwss00472.html
"
                                    Zoe Skull Flowers T-Shirt                                ",,https://us.zadig-et-voltaire.com/static/version1675168864/frontend/OneRockwell/boilerplate/en_US/images/pixel.gif,https://us.zadig-et-voltaire.com/t-shirt-women-zoe-skull-flowers-t-shirt-jwts01442.html
"
                                    Walk Amour T-Shirt                                 ",,https://us.zadig-et-voltaire.com/static/version1675168864/frontend/OneRockwell/boilerplate/en_US/images/pixel.gif,https://us.zadig-et-voltaire.com/t-shirt-women-walk-amour-t-shirt--jwts00036.html
"
                                    Skinny L'amour Est Déclaré T-shirt                                ",$59.00,https://us.zadig-et-voltaire.com/static/version1675168864/frontend/OneRockwell/boilerplate/en_US/images/pixel.gif,https://us.zadig-et-voltaire.com/t-shirt-women-skinny-l-amour-est-declare-t-shirt-jwts01428.html
"
                                    Jenny Horses Silk Skirt                                ",,https://us.zadig-et-voltaire.com/static/version1675168864/frontend/OneRockwell/boilerplate/en_US/images/pixel.gif,https://us.zadig-et-voltaire.com/skirt-women-jenny-horses-silk-skirt--wwsk00311.html
"
                                    Cici Patch Cashmere Sweater                                ",,https://us.zadig-et-voltaire.com/static/version1675168864/frontend/OneRockwell/boilerplate/en_US/images/pixel.gif,https://us.zadig-et-voltaire.com/sweater-women-cici-patch-cashmere-jumper-kwsw00043.html
"
                                    Mikel Suede Jacket                                ",,https://us.zadig-et-voltaire.com/static/version1675168864/frontend/OneRockwell/boilerplate/en_US/images/pixel.gif,https://us.zadig-et-voltaire.com/coat-women-mikel-suede-jacket--rwco00025.html
"
                                    Tigy Cotton Twill Blouse                                ",,https://us.zadig-et-voltaire.com/static/version1675168864/frontend/OneRockwell/boilerplate/en_US/images/pixel.gif,https://us.zadig-et-voltaire.com/shirt-women-tigy-cotton-twill-blouse--wwsh00459.html
"
                                    Tais Shirt                                ",$174.00,https://us.zadig-et-voltaire.com/static/version1675168864/frontend/OneRockwell/boilerplate/en_US/images/pixel.gif,https://us.zadig-et-voltaire.com/shirt-women-tais-shirt-wwsh00461.html
"
                                    Story Fishnet ZV Wings T-shirt                                 ",,https://us.zadig-et-voltaire.com/static/version1675168864/frontend/OneRockwell/boilerplate/en_US/images/pixel.gif,https://us.zadig-et-voltaire.com/t-shirt-women-story-fishnet-zv-wings-t-shirt--jwts01446.html
"
                                    Atia Dots Linen T-shirt                                ",,https://us.zadig-et-voltaire.com/static/version1675168864/frontend/OneRockwell/boilerplate/en_US/images/pixel.gif,https://us.zadig-et-voltaire.com/t-shirt-women-atia-dots-linen-t-shirt-jwts01437.html
"
                                    Hippie Velvet Pants                                ",,https://us.zadig-et-voltaire.com/static/version1675168864/frontend/OneRockwell/boilerplate/en_US/images/pixel.gif,https://us.zadig-et-voltaire.com/pants-women-hippie-velvet-pants-wwpa00729.html
